"ID","class1","class2","class3","class4","class5","class6","class7","class8","class9"
1,0,0,0,0,0.10288661730391,0.10199884076761,0,0,0
2,0,0,0,0,0,0,0.12613334162313,0,0
3,0.174874115530973,0.092941823095816,0.0831439083094941,0.0704737210228724,0,0.080445244452587,0.356514831777952,0,0.0923413997745403
4,0,0.0961592883302414,0,0,0,0,0.0614982419600968,0,0.0866574346775246
5,0,0,0,0,0,0,0,0,0
6,0.239901635080067,0,0,0,0,0,0,0,0
7,0,0.14593965097413,0.19145909889547,0,0.0683992304731681,0.214714778025126,0.524523052154142,0,0
8,0,0,0,0,0,0,0.0505234441893071,0,0
9,0.0564484820218657,0,0,0.074402265360772,0,0,0.0753211143332035,0,0
10,0,0,0,0,0,0,0,0,0
11,0,0.136162037409343,0.137930500807887,0.0838529446181537,0.20008085707779,0,0.379145030818229,0,0.118054657952713
12,0,0.069686452026464,0,0,0,0,0,0,0
13,0.0728469257891084,0,0,0.169386854299023,0.387044636243582,0.080445244452587,0,0,0
14,0,0,0.091986828909965,0,0,0,0.12613334162313,0,0
15,0,0.0668256775412769,0.0782046067160076,0,0,0,0.774714604308071,0,0.0967952522348337
16,0,0.0961592883302414,0,0,0.255364852501854,0.106625518941793,0,0,0.162055977349139
17,0.130808565814002,0.20298771495062,0.194225706155511,0.125166882099865,0.0702694234016726,0,0.347176776093501,0,0
18,0,0,0,0,0,0,0.12613334162313,0,0
19,0,0.213031814986016,0.164115122285543,0,0.0683992304731681,0,0.422497890426704,0,0
20,0,0.0790207129936426,0.0882428602006428,0,0,0,0.299653269732631,0,0.0834066972563528
21,0,0,0,0,0,0,0.0753211143332035,0,0
22,0,0,0.114769484486268,0.134978721751165,0,0.106625518941793,0.258128632472359,0,0.0866574346775246
23,0,0,0,0,0,0,0.109111648714601,0,0
24,0,0.0961592883302414,0,0,0,0,0,0,0
25,0,0.0668256775412769,0,0,0,0,0.2380651273789,0,0.0923413997745403
26,0,0.17415485863133,0,0,0,0,0.0505234441893071,0,0
27,0.0654581951250255,0.069069873397457,0.108315190585976,0,0,0.112715937257516,0.0700569070027101,0,0
28,0,0,0.124677084883303,0,0.10070744140181,0,0.0467384246988011,0,0.0924523053330153
29,0.123419835149919,0,0.0859105155695349,0,0,0,0.16800822037619,0,0
30,0.133089542060824,0.0790207129936426,0,0.134978721751165,0.10070744140181,0,0,0,0
31,0.0654581951250255,0,0.0831439083094941,0.169386854299023,0.10288661730391,0.10199884076761,0,0,0
32,0,0,0,0,0.139222595156438,0.106625518941793,0.112021686149404,0,0
33,0,0,0,0,0,0,0.2380651273789,0,0
34,0,0.069686452026464,0.180229689110608,0,0.139222595156438,0,0.223395210511239,0.20318323783449,0.077096945357799
35,0,0.092941823095816,0.0782046067160076,0.169386854299023,0.15247639233505,0,0.109111648714601,0,0
36,0,0,0,0.193228939053385,0.10070744140181,0.156749116780645,0.12613334162313,0,0
37,0,0,0,0,0,0,0,0,0
38,0,0.139109498997757,0.124677084883303,0,0,0,0.380476954604984,0,0.0924523053330153
39,0.0579616400248937,0.136162037409343,0,0,0,0,0.109111648714601,0,0
40,0,0.139109498997757,0.203012344686911,0.0471602666362823,0.0788646527176556,0.0880847570417696,0.0505234441893071,0,0
41,0,0.092941823095816,0.137930500807887,0,0,0,0.211136810442039,0,0
42,0,0,0,0,0,0,0,0,0
43,0,0,0,0,0,0,0,0,0.0981272516653813
44,0,0,0,0.146068672417103,0,0,0.0467384246988011,0,0
45,0,0,0,0,0,0,0,0,0
46,0,0.17415485863133,0,0,0,0,0.131995290849229,0.106382291011509,0
47,0,0.0768697775766727,0.19145909889547,0,0.173156040705583,0.080445244452587,0.356514831777952,0,0
48,0.372586933015527,0,0.124677084883303,0.148509671794764,0.0882500998920993,0,0.128210271358723,0,0
49,0,0,0,0,0,0,0,0,0
50,0,0.0790207129936426,0.0882428602006428,0,0,0,0.299653269732631,0,0.0834066972563528
51,0.0654581951250255,0.136162037409343,0.0831439083094941,0.169386854299023,0.302967474381701,0.10199884076761,0.481394462088294,0,0.118054657952713
52,0,0,0,0,0.218087247874094,0.106625518941793,0,0,0
53,0.0728469257891084,0,0,0.243789119659794,0.20008085707779,0.080445244452587,0.109111648714601,0,0
54,0,0,0,0.146068672417103,0.0882500998920993,0.087294941913335,0.108236666658898,0,0
55,0,0.092941823095816,0,0.074402265360772,0.0840771618618819,0,0.286457924775242,0,0
56,0,0.139109498997757,0.086819019530921,0.0471602666362823,0,0,0.193493532809326,0,0
57,0,0,0.0859105155695349,0.148804530721544,0,0,0,0,0
58,0,0,0,0.0736558543667385,0,0,0,0,0
59,0.0564484820218657,0,0,0.144875986383644,0.10288661730391,0,0.254489670050514,0,0
60,0.133089542060824,0,0,0.134978721751165,0.435771556126948,0.244833873822415,0.0814718466599219,0,0
61,0.109415920405947,0.136162037409343,0.246245691393864,0.074402265360772,0.468560944628749,0,0.558313586535539,0,0
62,0,0.069686452026464,0,0,0,0,0,0,0
63,0,0.0768697775766727,0,0.074402265360772,0,0,0.109111648714601,0,0
64,0.125103200650658,0,0.086819019530921,0.0736558543667385,0,0,0,0,0
65,0.0579616400248937,0,0,0.0704737210228724,0.560200676949165,0.189486365970676,0.0700569070027101,0,0
66,0,0.0961592883302414,0.086819019530921,0,0.0882500998920993,0,0.360503349905159,0,0
67,0,0,0,0,0,0,0,0,0
68,0,0,0,0,0,0,0.0505234441893071,0,0.0866574346775246
69,0.0564484820218657,0.136162037409343,0.137930500807887,0.074402265360772,0,0,0.211136810442039,0,0
70,0,0.218130211991399,0.0882428602006428,0.148509671794764,0.134483841427148,0,0.0972618688881083,0,0.175859002589368
71,0,0,0.221074409117381,0.209019826718018,0,0,0.379145030818229,0.0928778526760581,0
72,0,0,0,0,0.139222595156438,0.106625518941793,0,0,0
73,0,0.092941823095816,0.0831439083094941,0,0,0,0.481394462088294,0,0.190468651439922
74,0,0,0.091986828909965,0,0,0,0.284893452471335,0,0
75,0.0579616400248937,0,0,0,0,0,0,0,0
76,0,0.0961592883302414,0.091986828909965,0,0,0,0,0,0
77,0,0,0,0,0,0,0,0,0
78,0.272864000902435,0,0,0,0,0,0,0,0
79,0.0654581951250255,0,0.0831439083094941,0.125166882099865,0.693176953293976,0.167491650010799,0,0,0
80,0.365902016234741,0.0790207129936426,0,0.281047394168268,0.10070744140181,0,0.0467384246988011,0.0977233045833625,0
81,0,0,0,0,0,0,0.145378021335914,0,0
82,0,0,0,0,0.218087247874094,0.106625518941793,0,0,0
83,0.0579616400248937,0,0.0831439083094941,0.074402265360772,0.0840771618618819,0.080445244452587,0.0753211143332035,0,0
84,0,0,0,0,0,0,0.169734908618995,0,0.077096945357799
85,0.0728469257891084,0.0668256775412769,0.108315190585976,0.0838529446181537,0.0702694234016726,0.0874875252030655,0.0700569070027101,0,0.0930120783987008
86,0.231915293669901,0.17415485863133,0.211496104414224,0,0.10070744140181,0.156749116780645,0.112021686149404,0,0
87,0,0,0,0,0,0,0,0,0
88,0.0997229321130929,0,0,0.0748538174280259,0.155492020605673,0.0985939928339444,0,0,0
89,0,0.136162037409343,0.0859105155695349,0,0,0,0.352440983423994,0,0
90,0.133089542060824,0.392285070622729,0,0,0.0672419207135739,0,0,0,0
91,0,0,0.221074409117381,0,0,0,0.211136810442039,0,0
92,0.125103200650658,0,0,0.146068672417103,0.374413877985396,0.106625518941793,0,0,0
93,0,0,0,0,0.0840771618618819,0.080445244452587,0.109111648714601,0,0
94,0.0997229321130929,0,0.091986828909965,0,0,0,0.12613334162313,0,0
95,0,0,0,0,0,0,0.0700569070027101,0,0
96,0,0,0.124677084883303,0,0.10070744140181,0.156749116780645,0.0467384246988011,0,0
97,0.0728469257891084,0,0.0859105155695349,0.169386854299023,0.0683992304731681,0.112715937257516,0,0,0
98,0.372586933015527,0.17415485863133,0.124677084883303,0.148509671794764,0.155492020605673,0.0985939928339444,0.0972618688881083,0,0
99,0,0.136162037409343,0,0,0,0,0.109111648714601,0,0
100,0.133089542060824,0.069686452026464,0.203012344686911,0,0,0,0.0505234441893071,0,0
101,0,0.272324074818686,0.137930500807887,0,0.20008085707779,0,0.286457924775242,0,0
102,0,0,0,0,0,0,0.12613334162313,0,0
103,0,0,0,0,0,0,0,0,0
104,0,0,0,0,0,0,0,0,0.077096945357799
105,0,0,0,0,0,0,0.0700569070027101,0,0
106,0,0.17415485863133,0.086819019530921,0,0,0,0.274965379469248,0,0.0866574346775246
107,0.0564484820218657,0,0,0.0838529446181537,0.15247639233505,0.112715937257516,0,0,0
108,0,0,0,0,0,0,0.0505234441893071,0,0.0866574346775246
109,0.123419835149919,0,0.0859105155695349,0.074402265360772,0,0,0.633634700868743,0,0
110,0,0,0,0,0,0,0.0467384246988011,0,0
111,0,0,0,0.0838529446181537,0.10288661730391,0.10199884076761,0.109111648714601,0,0
112,0,0,0,0,0,0,0,0,0
113,0,0.185883646191632,0,0,0,0,0.211136810442039,0,0
114,0,0,0,0,0,0,0,0,0
115,0,0.0668256775412769,0,0,0,0,0.379145030818229,0,0
116,0.272864000902435,0,0.211496104414224,0.0748538174280259,0.10070744140181,0.156749116780645,0.0614982419600968,0,0
117,0,0.136162037409343,0.277369614465005,0.195640603122737,0,0,0.0700569070027101,0,0
118,0.125103200650658,0,0,0,0,0,0.0505234441893071,0,0
119,0,0.136162037409343,0,0.074402265360772,0,0,0.0700569070027101,0.0938552338788815,0.210396057727253
120,0.133089542060824,0.218130211991399,0.175061879731564,0,0.146106573431229,0.0880847570417696,0.131995290849229,0,0
121,0,0,0.246245691393864,0.0838529446181537,0,0,0.379145030818229,0,0
122,0,0,0.114769484486268,0,0,0,0.142970088620019,0,0
123,0,0,0.0782046067160076,0,0,0,0,0,0
124,0.133089542060824,0,0,0,0.0672419207135739,0,0,0,0.0924523053330153
125,0,0.136162037409343,0.0782046067160076,0,0.0683992304731681,0,0.465626480492553,0,0
126,0.173141068789342,0,0.086819019530921,0.0748538174280259,0,0,0.158760110848205,0,0
127,0,0,0,0,0,0,0,0,0
128,0.231915293669901,0.313264357629086,0.0882428602006428,0.134978721751165,0.268656803517194,0.0985939928339444,0,0,0
129,0,0,0,0,0.0683992304731681,0,0,0.18673308655494,0.309193988016795
130,0.106812093019243,0.17415485863133,0,0.0736558543667385,0,0,0.172871766321932,0,0
131,0,0,0,0,0,0,0.179168555717311,0,0
132,0,0,0,0,0,0,0,0,0.0834066972563528
133,0.232835755555866,0.092941823095816,0.0831439083094941,0.140947442045745,0,0,0.254489670050514,0,0
134,0,0.069686452026464,0.0882428602006428,0,0,0,0,0,0.0866574346775246
135,0.130808565814002,0,0.137930500807887,0.0838529446181537,0,0,0.0753211143332035,0,0
136,0,0.487419216260416,0.086819019530921,0,0.167949362115384,0.156749116780645,0.366365299131257,0,0
137,0.0564484820218657,0.20298771495062,0,0,0.138668653874841,0.112715937257516,0.488256679532829,0.0928778526760581,0.0930120783987008
138,0,0.139109498997757,0,0,0,0,0,0,0
139,0,0,0.137930500807887,0.338773708598045,0,0,0,0,0
140,0,0.139109498997757,0,0,0.146106573431229,0.0880847570417696,0,0,0.0924523053330153
141,0,0.162011696493273,0.137930500807887,0,0,0,0.211136810442039,0,0
142,0.258192742711482,0.069686452026464,0,0.182138988387447,0,0,0.0614982419600968,0,0
143,0.109415920405947,0,0.0782046067160076,0.0704737210228724,0,0,0,0,0
144,0,0,0,0.146068672417103,0,0,0,0,0
145,0.0579616400248937,0,0,0.169386854299023,0,0.10199884076761,0,0,0.0967952522348337
146,0,0.17415485863133,0,0,0,0,0,0,0
147,0,0,0,0.378406681017041,0,0,0.109111648714601,0,0
148,0.379676093921678,0,0.180229689110608,0.32820766080455,0,0,0,0,0
149,0,0.136162037409343,0,0,0.10288661730391,0,0.184432763047804,0,0.0930120783987008
150,0.372991177140892,0,0.0882428602006428,0.208634576117904,0.179572094119465,0.0880847570417696,0.304867057171161,0,0
151,0.0654581951250255,0.069069873397457,0,0.169386854299023,0.10288661730391,0.10199884076761,0.109111648714601,0,0
152,0.125103200650658,0,0.086819019530921,0.146068672417103,0.59250112585949,0.205219511775737,0,0,0
153,0,0.092941823095816,0,0.074402265360772,0,0,0,0,0
154,0,0,0,0,0.0882500998920993,0.087294941913335,0.0614982419600968,0,0
155,0.0728469257891084,0,0.0782046067160076,0.0838529446181537,0.0702694234016726,0.0874875252030655,0.179168555717311,0,0
156,0,0.17415485863133,0.201588504017189,0,0,0,0.274965379469248,0,0.0866574346775246
157,0,0,0,0,0.0683992304731681,0.112715937257516,0,0,0
158,0.106812093019243,0.139109498997757,0,0,0,0,0.0505234441893071,0,0
159,0,0,0,0,0,0,0,0,0
160,0.133089542060824,0,0.086819019530921,0.134978721751165,0.10070744140181,0,0.12613334162313,0,0.077096945357799
161,0,0,0,0,0,0,0,0,0.118054657952713
162,0,0.069686452026464,0.114769484486268,0,0,0,0.269103430243149,0,0
163,0,0.092941823095816,0,0,0,0.112715937257516,0.281193717444749,0.108900590321929,0.190468651439922
164,0,0,0,0,0,0,0,0.106382291011509,0.162055977349139
165,0,0,0,0,0,0,0,0,0.0923413997745403
166,0,0,0.326265588900492,0,0.167949362115384,0.156749116780645,0.319626874432456,0,0.0866574346775246
167,0,0,0,0,0,0,0,0,0
168,0,0,0,0,0,0,0.187631583583227,0,0
169,0.123419835149919,0,0,0.0838529446181537,0.20008085707779,0.0800041248077339,0,0,0
170,0.239901635080067,0.287816664017863,0.0882428602006428,0.0736558543667385,0.0672419207135739,0.087294941913335,0.0972618688881083,0,0.0924523053330153
171,0,0,0,0,0.302967474381701,0.10199884076761,0.2380651273789,0,0
172,0,0,0,0,0,0,0.12613334162313,0,0
173,0,0,0,0,0,0,0,0,0
174,0,0,0,0,0.0882500998920993,0.087294941913335,0,0,0
175,0,0,0,0,0,0,0,0,0
176,0,0.0961592883302414,0,0,0.0882500998920993,0,0.12613334162313,0,0
177,0,0.136162037409343,0,0,0.0683992304731681,0.112715937257516,0.16800822037619,0,0
178,0.272864000902435,0,0,0,0,0,0,0,0
179,0,0.136162037409343,0,0,0,0,0.184432763047804,0,0
180,0,0.069686452026464,0.0882428602006428,0,0,0,0.0505234441893071,0,0
181,0.0654581951250255,0.272324074818686,0,0.169386854299023,0.20008085707779,0,0.0753211143332035,0,0
182,0,0,0,0,0,0,0.0467384246988011,0,0
183,0,0,0,0,0,0,0.0700569070027101,0,0
184,0.173141068789342,0.069686452026464,0,0.0471602666362823,0.306337347766193,0.087294941913335,0.0814718466599219,0,0
185,0.167377560430841,0,0,0,0,0,0.379145030818229,0,0
186,0,0,0,0.294578344211867,0,0,0.172871766321932,0,0
187,0,0.0768697775766727,0.19145909889547,0,0,0,0.431835946111156,0,0.189807330633535
188,0,0.17415485863133,0.216663913793268,0,0.167949362115384,0.197187985667889,0.0467384246988011,0,0
189,0,0.136162037409343,0.0859105155695349,0,0,0,0.16800822037619,0,0
190,0,0.0790207129936426,0.175061879731564,0,0,0,0.299653269732631,0,0.0834066972563528
191,0.109415920405947,0.069069873397457,0.137930500807887,0.125166882099865,0,0,0.395569573489843,0,0
192,0,0.148707165020107,0.124677084883303,0,0.0788646527176556,0,0.108236666658898,0,0
193,0,0,0,0,0,0,0,0,0
194,0,0,0,0,0.139222595156438,0,0,0,0
195,0,0,0.137930500807887,0,0.0702694234016726,0.0874875252030655,0,0,0.0923413997745403
196,0,0,0.124677084883303,0.26995744350233,0,0,0,0,0
197,0,0,0,0,0,0,0,0,0
198,0,0,0,0,0,0,0,0,0
199,0.123419835149919,0,0.0859105155695349,0,0,0,0.2380651273789,0.0928778526760581,0.185353478173241
200,0.231915293669901,0.357239710989156,0,0.0748538174280259,0.0672419207135739,0,0.108236666658898,0,0
201,0,0,0,0,0,0,0,0,0.118054657952713
202,0,0,0,0,0,0,0,0,0
203,0.182262846195055,0.092941823095816,0,0.239860575321895,0.20008085707779,0,0.281193717444749,0,0
204,0,0.270314146961571,0.091986828909965,0,0,0,0.172871766321932,0,0
205,0.0579616400248937,0,0,0.0704737210228724,0.476123515087284,0.0874875252030655,0,0,0
206,0,0,0,0,0.10070744140181,0.156749116780645,0.0467384246988011,0,0
207,0,0.0668256775412769,0,0,0.243425464107255,0.080445244452587,0,0,0
208,0,0.313264357629086,0.216663913793268,0,0.10070744140181,0,0.18970851331882,0,0.0866574346775246
209,0.121906677146891,0.213031814986016,0.0859105155695349,0.199569147460637,0.338749510952631,0.0800041248077339,0.379145030818229,0,0
210,0.133089542060824,0.436260423982798,0,0,0.146106573431229,0.0880847570417696,0.0467384246988011,0.0977233045833625,0
211,0,0.136162037409343,0,0,0.20008085707779,0,0.16800822037619,0,0
212,0,0,0,0,0,0,0,0,0
213,0.0654581951250255,0.092941823095816,0.0831439083094941,0,0.10288661730391,0,0.286457924775242,0,0
214,0,0,0,0,0.0882500998920993,0.087294941913335,0.0614982419600968,0,0
215,0,0,0.0782046067160076,0,0,0,0.558313586535539,0,0
216,0,0.270314146961571,0.201588504017189,0.0471602666362823,0.0882500998920993,0,0.238155027772534,0,0.0866574346775246
217,0,0.0768697775766727,0,0,0,0,0,0,0
218,0.106812093019243,0,0,0.134978721751165,0,0,0.269103430243149,0,0
219,0.114410122046759,0.069069873397457,0,0.074402265360772,0.268480087550958,0.0800041248077339,0.109111648714601,0,0
220,0,0,0,0,0.0788646527176556,0.0880847570417696,0.187631583583227,0,0
221,0.109415920405947,0.274301784204257,0,0.074402265360772,0.0683992304731681,0,0.0753211143332035,0,0
222,0.173141068789342,0,0,0.0748538174280259,0,0,0.176656785812437,0,0.0834066972563528
223,0,0,0.0782046067160076,0.167705889236307,0,0,0,0,0
224,0,0,0,0,0,0,0,0,0.077096945357799
225,0,0.303462955755042,0,0,0.0840771618618819,0,0.16800822037619,0,0
226,0.125103200650658,0.243841310657794,0,0.146068672417103,0,0,0.176656785812437,0,0
227,0.114410122046759,0,0,0.209019826718018,0.0840771618618819,0.10199884076761,0.286457924775242,0,0
228,0,0,0.091986828909965,0,0.0672419207135739,0.0985939928339444,0,0,0.0866574346775246
229,0,0,0,0,0,0,0,0,0.0930120783987008
230,0,0.287816664017863,0,0,0.0788646527176556,0.0880847570417696,0.0814718466599219,0,0
231,0,0,0,0,0,0,0.422497890426704,0,0
232,0,0.148707165020107,0,0,0.167114752609755,0,0.0505234441893071,0,0
233,0.109415920405947,0,0.0859105155695349,0.0704737210228724,0,0.112715937257516,0.179168555717311,0,0
234,0,0,0,0.208634576117904,0,0,0,0,0
235,0,0,0,0,0.154346585263554,0.0874875252030655,0,0,0
236,0,0,0,0,0,0,0,0,0
237,0.129295407810974,0,0,0,0,0,0,0,0
238,0,0,0.124677084883303,0.0736558543667385,0,0,0.0972618688881083,0,0.0924523053330153
239,0,0,0,0,0,0,0,0,0
240,0.125103200650658,0,0,0,0,0,0,0,0
241,0,0.069069873397457,0,0,0,0,0,0,0
242,0.125103200650658,0,0.114769484486268,0.146068672417103,0.0672419207135739,0,0.131995290849229,0.107208803894633,0
243,0.182262846195055,0.069069873397457,0.0782046067160076,0,0.10288661730391,0,0.109111648714601,0,0
244,0.106812093019243,0,0.178805848440886,0,0,0,0.234370008282028,0,0
245,0,0.0668256775412769,0,0,0,0,0.379145030818229,0,0
246,0.106812093019243,0.17415485863133,0,0.0736558543667385,0.139222595156438,0,0.0467384246988011,0,0
247,0,0,0,0.0704737210228724,0,0,0.16800822037619,0,0.0967952522348337
248,0,0,0,0,0,0,0,0,0
249,0,0.0768697775766727,0.0859105155695349,0,0.0683992304731681,0,0.519258844823649,0,0
250,0.133089542060824,0,0,0,0,0,0.18970851331882,0,0
251,0,0.069069873397457,0.137930500807887,0,0,0,0.460362273162059,0,0.216181909618094
252,0.0997229321130929,0.0790207129936426,0,0,0.218087247874094,0.106625518941793,0.0505234441893071,0,0.077096945357799
253,0,0,0.0831439083094941,0.074402265360772,0.0702694234016726,0,0.0753211143332035,0,0
254,0.306230610850166,0.165845740356705,0.178805848440886,0,0.139222595156438,0,0.289077034942974,0,0.0866574346775246
255,0,0,0,0,0,0,0,0,0.189136652009374
256,0,0,0,0,0.10070744140181,0.244833873822415,0,0,0
257,0.0564484820218657,0,0.0859105155695349,0.253239798917176,0.186963779165792,0,0.16800822037619,0,0
258,0,0.139109498997757,0.124677084883303,0,0,0,0.380476954604984,0,0.0924523053330153
259,0,0.136162037409343,0,0,0,0,0,0,0
260,0.0997229321130929,0.0790207129936426,0,0.146068672417103,0,0,0.12613334162313,0,0.162055977349139
261,0.0564484820218657,0,0.137930500807887,0.0838529446181537,0.186963779165792,0.10199884076761,0.465626480492553,0,0.118054657952713
262,0.357915674824575,0,0,0.0471602666362823,0.139222595156438,0.106625518941793,0.12613334162313,0,0
263,0.0728469257891084,0.092941823095816,0.0831439083094941,0.169386854299023,0.20008085707779,0,0.0753211143332035,0,0
264,0.173141068789342,0,0,0.0471602666362823,0.373579268479767,0.087294941913335,0,0,0
265,0.0579616400248937,0,0,0.0704737210228724,0.476123515087284,0.0874875252030655,0,0,0
266,0.405056362459242,0,0.086819019530921,0.0748538174280259,0,0,0.108236666658898,0,0
267,0.0579616400248937,0,0.108315190585976,0.125166882099865,0,0,0.179168555717311,0,0
268,0,0,0,0.0736558543667385,0.0672419207135739,0.0985939928339444,0,0,0
269,0,0.0768697775766727,0.223841016377422,0,0.0683992304731681,0,0.449201937820939,0,0
270,0.232812474173917,0.139109498997757,0,0.146068672417103,0.0672419207135739,0,0.0614982419600968,0,0
271,0,0.069069873397457,0,0,0,0.375164147285447,0,0,0
272,0.250206401301315,0,0,0.146068672417103,0.0672419207135739,0,0,0,0
273,0.174874115530973,0.0668256775412769,0,0.0704737210228724,0.0840771618618819,0.080445244452587,0.2380651273789,0,0
274,0,0,0,0.146068672417103,0,0,0.0614982419600968,0,0.162055977349139
275,0.129295407810974,0,0.186519797301984,0.0838529446181537,0,0,0.184432763047804,0,0.0930120783987008
276,0.279953161808585,0,0,0.0748538174280259,0,0,0,0,0
277,0,0,0,0,0,0,0,0,0
278,0,0,0,0,0,0,0,0,0.17910974001054
279,0,0,0.0859105155695349,0,0,0,0.16800822037619,0.0928778526760581,0.304078814750115
280,0,0.0790207129936426,0,0,0.0672419207135739,0,0,0.0977233045833625,0
281,0,0,0,0,0.270350280479463,0.112715937257516,0,0,0
282,0,0,0,0,0,0,0,0,0
283,0,0,0.0782046067160076,0.167705889236307,0,0,0,0,0
284,0,0,0,0,0.0882500998920993,0.087294941913335,0.0814718466599219,0,0.0924523053330153
285,0,0,0,0,0,0,0,0,0
286,0,0.17415485863133,0,0,0,0,0.0467384246988011,0,0
287,0.0579616400248937,0.213031814986016,0.108315190585976,0.125166882099865,0,0,0.281193717444749,0,0.287934582298916
288,0.0997229321130929,0.139109498997757,0.124677084883303,0.0748538174280259,0.0882500998920993,0,0.108236666658898,0.107208803894633,0.0866574346775246
289,0,0,0,0,0,0,0.395569573489843,0,0
290,0,0,0,0,0,0,0.12613334162313,0,0
291,0,0,0,0,0,0,0,0,0
292,0.133089542060824,0,0,0.0471602666362823,0,0,0,0,0
293,0.145693851578217,0,0,0.169386854299023,0.387044636243582,0.080445244452587,0.179168555717311,0,0
294,0.0997229321130929,0.0961592883302414,0,0,0.188957541293909,0.087294941913335,0.0467384246988011,0.0959744339398566,0.077096945357799
295,0,0,0,0,0,0,0,0,0
296,0,0.17415485863133,0,0,0,0,0.0814718466599219,0,0.0866574346775246
297,0,0,0,0,0,0,0,0,0
298,0,0.17415485863133,0,0,0.10070744140181,0,0,0,0.0924523053330153
299,0.0654581951250255,0,0,0,0,0,0.0700569070027101,0,0
300,0,0,0,0,0,0,0.12613334162313,0,0
301,0.138305120914134,0,0.0831439083094941,0.169386854299023,0,0,0,0,0
302,0,0,0.206756313396233,0.148509671794764,0,0,0.131995290849229,0,0
303,0,0.185883646191632,0,0.125166882099865,0.0840771618618819,0.080445244452587,0.179168555717311,0.0928778526760581,0.431031819805641
304,0,0.0961592883302414,0,0,0.0882500998920993,0.087294941913335,0,0,0
305,0,0,0,0.169386854299023,0,0,0,0,0
306,0.279953161808585,0.270314146961571,0.201588504017189,0,0,0,0.112021686149404,0,0
307,0,0,0,0.378406681017041,0,0,0.109111648714601,0,0
308,0,0.17415485863133,0,0,0.10070744140181,0,0.0614982419600968,0,0
309,0.0728469257891084,0.069069873397457,0.0859105155695349,0,0.302967474381701,0.0800041248077339,0.488256679532829,0,0
310,0,0.0790207129936426,0,0,0,0,0,0,0.0924523053330153
311,0,0,0,0.125166882099865,0.10288661730391,0.10199884076761,0,0,0
312,0,0,0.091986828909965,0.147311708733477,0,0,0,0,0
313,0,0.069069873397457,0.0831439083094941,0.125166882099865,0.10288661730391,0,0.286457924775242,0,0
314,0.173141068789342,0,0,0.146068672417103,0.0882500998920993,0.087294941913335,0,0,0
315,0.0579616400248937,0,0,0.0704737210228724,0.560200676949165,0.189486365970676,0.0700569070027101,0,0
316,0.106812093019243,0.17415485863133,0,0.0736558543667385,0.239930036558248,0.156749116780645,0.0467384246988011,0,0
317,0.129295407810974,0,0,0,0,0,0,0,0
318,0,0.235268787327998,0,0.182138988387447,0,0,0.227180230001745,0,0
319,0,0,0,0,0,0,0,0,0
320,0,0,0,0,0,0,0.0814718466599219,0,0
321,0.202142333600083,0.092941823095816,0.137930500807887,0,0.0840771618618819,0,0.454466145151432,0.0977857126824193,0
322,0,0,0.114769484486268,0,0,0,0.0814718466599219,0.107208803894633,0
323,0.138305120914134,0.135895550938734,0.0831439083094941,0.074402265360772,0,0,0.395569573489843,0,0
324,0.298244269439999,0.208795951024221,0,0.0736558543667385,0,0,0.0467384246988011,0.0959744339398566,0.154193890715598
325,0,0.14369545511795,0.0782046067160076,0,0.0702694234016726,0.0874875252030655,0.347176776093501,0,0
326,0,0.17415485863133,0.086819019530921,0,0,0,0.274965379469248,0,0.0866574346775246
327,0,0,0,0,0,0,0,0.108900590321929,0.189807330633535
328,0.0997229321130929,0,0.091986828909965,0.0748538174280259,0.155492020605673,0.0985939928339444,0.0505234441893071,0,0
329,0,0,0,0,0,0,0,0,0
330,0,0,0.0882428602006428,0,0,0,0.0505234441893071,0.0977233045833625,0.0924523053330153
331,0,0.069069873397457,0.108315190585976,0.125166882099865,0,0,0,0,0
332,0,0,0,0,0,0,0,0,0
333,0,0,0,0,0.186963779165792,0.080445244452587,0,0,0
334,0,0.17415485863133,0,0.208634576117904,0,0,0.0614982419600968,0,0
335,0.0579616400248937,0,0,0,0,0,0,0,0
336,0,0,0,0,0,0.0985939928339444,0.176656785812437,0,0.0866574346775246
337,0.0564484820218657,0,0,0.0838529446181537,0.15247639233505,0.112715937257516,0.16800822037619,0,0
338,0.173141068789342,0,0,0,0,0,0,0,0
339,0.0654581951250255,0.136162037409343,0,0.125166882099865,0.0702694234016726,0,0.211136810442039,0,0
340,0,0.0790207129936426,0.0882428602006428,0.0748538174280259,0,0,0.381125116392553,0,0.175859002589368
341,0.109415920405947,0,0.137930500807887,0.0838529446181537,0.10288661730391,0.10199884076761,0.563577793866033,0,0
342,0.0997229321130929,0.069686452026464,0.114769484486268,0.0748538174280259,0.139222595156438,0.106625518941793,0.207605188283052,0.107208803894633,0
343,0,0.092941823095816,0,0,0,0,0,0,0
344,0,0,0.091986828909965,0,0,0,0.12613334162313,0.198855928379651,0
345,0.109415920405947,0.159767500637093,0,0,0.0840771618618819,0,0.0700569070027101,0,0
346,0,0,0,0,0,0,0.0814718466599219,0,0
347,0,0,0,0,0.138668653874841,0.112715937257516,0,0,0
348,0,0.313264357629086,0,0,0.10070744140181,0,0.142970088620019,0,0
349,0.0579616400248937,0.282101688383473,0.30204562309343,0.0704737210228724,0.0683992304731681,0,0.563577793866033,0.0928778526760581,0.211066736351414
350,0,0,0,0,0,0,0,0,0
351,0.165864402427813,0.069069873397457,0,0,0,0,0.179168555717311,0,0
352,0.224826132763751,0,0,0,0,0.156749116780645,0,0,0
353,0,0,0,0,0,0,0,0,0
354,0,0.069686452026464,0.178805848440886,0,0.227472695048538,0.087294941913335,0.187631583583227,0.107208803894633,0.162055977349139
355,0,0,0.0782046067160076,0,0,0,0.109111648714601,0,0
356,0.106812093019243,0.409423645959328,0.086819019530921,0.0736558543667385,0.416430236342447,0.156749116780645,0.158760110848205,0,0
357,0,0.0768697775766727,0,0,0,0.360652831720902,0,0,0
358,0.125103200650658,0,0,0,0,0,0,0,0
359,0,0,0,0,0,0,0,0,0
360,0.133089542060824,0.218130211991399,0,0.134978721751165,0.246814014833039,0.0880847570417696,0,0.107208803894633,0
361,0,0,0,0,0,0,0,0,0
362,0.133089542060824,0.069686452026464,0,0.0471602666362823,0,0,0.0614982419600968,0,0
363,0,0,0,0,0,0,0,0,0
364,0,0,0,0,0,0,0,0.106382291011509,0.330567774548029
365,0,0.0668256775412769,0.0782046067160076,0,0,0,0.699393489974868,0,0.189136652009374
366,0.206535025132336,0.0790207129936426,0,0,0.267822194011565,0.156749116780645,0.0467384246988011,0,0
367,0,0.213031814986016,0.108315190585976,0,0,0,0.281193717444749,0,0
368,0.0997229321130929,0,0.091986828909965,0.0748538174280259,0.622894752212459,0.185888934747279,0.0505234441893071,0,0
369,0,0,0,0,0,0,0,0,0
370,0,0.227727878013749,0.0882428602006428,0,0.0672419207135739,0,0.131995290849229,0,0
371,0,0.092941823095816,0.137930500807887,0,0,0,0.211136810442039,0,0
372,0.224826132763751,0,0,0,0,0,0,0,0
373,0.0564484820218657,0,0,0,0,0,0,0,0
374,0.133089542060824,0.0961592883302414,0.091986828909965,0,0,0,0.172871766321932,0,0
375,0.109415920405947,0.14369545511795,0.216135107523895,0,0.0702694234016726,0.0874875252030655,0.179168555717311,0,0
376,0.106812093019243,0,0,0.0736558543667385,0.458017284432342,0.156749116780645,0,0,0
377,0.0579616400248937,0,0.0782046067160076,0.195640603122737,0.0683992304731681,0.112715937257516,0,0,0
378,0.125103200650658,0,0,0,0,0,0,0,0
379,0.0654581951250255,0,0,0.125166882099865,0.0702694234016726,0,0.356514831777952,0,0.118054657952713
380,0,0.139109498997757,0.0882428602006428,0.146068672417103,0.0672419207135739,0,0.112021686149404,0,0
381,0.0654581951250255,0.136162037409343,0.221074409117381,0.169386854299023,0.10288661730391,0.10199884076761,0.379145030818229,0,0
382,0.258192742711482,0.148707165020107,0,0.193228939053385,0.146106573431229,0,0.112021686149404,0,0
383,0,0,0,0,0,0,0,0,0
384,0,0,0.091986828909965,0,0.0882500998920993,0.087294941913335,0.289077034942974,0,0.077096945357799
385,0.0579616400248937,0,0,0.0704737210228724,0.476123515087284,0.0874875252030655,0,0,0
386,0,0.17415485863133,0,0,0,0,0.0505234441893071,0,0
387,0.194753602936,0,0.108315190585976,0,0,0,0.0700569070027101,0,0
388,0,0.218130211991399,0,0,0.0672419207135739,0.0985939928339444,0,0,0
389,0.0728469257891084,0,0,0,0.20008085707779,0.0800041248077339,0.211136810442039,0,0
390,0,0,0,0,0,0,0,0,0
391,0,0,0,0,0.10288661730391,0.10199884076761,0.0753211143332035,0,0
392,0,0,0,0,0,0,0,0,0
393,0,0,0,0,0,0,0,0,0.0923413997745403
394,0,0,0,0,0,0,0.0505234441893071,0,0.077096945357799
395,0.0654581951250255,0,0,0,0,0,0.0753211143332035,0,0
396,0,0.17415485863133,0.086819019530921,0,0,0,0.274965379469248,0,0.248713412026664
397,0.0579616400248937,0.136162037409343,0.277369614465005,0.125166882099865,0.0683992304731681,0.112715937257516,0.145378021335914,0,0.189807330633535
398,0.0997229321130929,0,0,0.0748538174280259,0.483672157056021,0.185888934747279,0.0505234441893071,0,0
399,0,0,0,0,0.20008085707779,0.0800041248077339,0,0,0
400,0,0.139109498997757,0.0882428602006428,0,0,0,0.258128632472359,0,0
401,0,0.2052319108068,0.137930500807887,0,0.20008085707779,0,0.628370493538249,0,0.0981272516653813
402,0,0,0,0,0,0,0,0,0
403,0,0.092941823095816,0,0,0,0,0.179168555717311,0,0
404,0.125103200650658,0,0.086819019530921,0.0736558543667385,0,0,0,0,0
405,0.0579616400248937,0.069069873397457,0,0.0704737210228724,0.10288661730391,0,0.379145030818229,0,0
406,0.173141068789342,0.444469005592901,0.086819019530921,0.0748538174280259,0.0882500998920993,0.156749116780645,0.187631583583227,0,0.0866574346775246
407,0.0564484820218657,0,0.194225706155511,0.0838529446181537,0.0840771618618819,0,0.356514831777952,0,0.0967952522348337
408,0,0.139109498997757,0.124677084883303,0,0.0788646527176556,0,0.0467384246988011,0,0
409,0,0,0,0,0,0,0,0,0
410,0.464727767843818,0.287816664017863,0.086819019530921,0,0,0,0.187631583583227,0,0
411,0,0.136162037409343,0,0,0.20008085707779,0,0.179168555717311,0,0
412,0,0,0,0,0,0,0.0467384246988011,0,0
413,0.109415920405947,0,0.0782046067160076,0.0704737210228724,0,0,0,0,0
414,0,0.069686452026464,0,0,0.139222595156438,0,0.0814718466599219,0,0
415,0,0.0668256775412769,0,0,0,0,0,0,0
416,0.106812093019243,0,0.0882428602006428,0.0736558543667385,0.725839478443907,0.263374635722438,0,0,0
417,0.129295407810974,0,0,0,0,0,0.16800822037619,0,0
418,0.431333811500824,0.139109498997757,0.124677084883303,0.120816121003021,0,0,0.0972618688881083,0,0
419,0,0.136162037409343,0,0,0,0,0,0,0
420,0.133089542060824,0,0,0.134978721751165,0.10070744140181,0.292514453689072,0,0,0
421,0.174874115530973,0.136162037409343,0.0831439083094941,0.243789119659794,0.268480087550958,0,0.16800822037619,0,0.0981272516653813
422,0,0,0,0,0,0,0,0,0.0834066972563528
423,0,0,0,0,0,0,0,0,0
424,0,0,0,0,0,0,0,0,0
425,0.0728469257891084,0.092941823095816,0,0.0838529446181537,0.154346585263554,0.0874875252030655,0.313386241712104,0.0938552338788815,0.184682799549081
426,0,0.17415485863133,0,0,0,0,0,0,0
427,0,0,0,0,0,0,0,0,0
428,0.0997229321130929,0,0,0.0748538174280259,0.227472695048538,0,0,0,0
429,0,0,0,0,0,0,0,0,0
430,0,0,0.0882428602006428,0,0,0,0.223395210511239,0,0
431,0,0.136162037409343,0,0,0.20008085707779,0,0.16800822037619,0,0
432,0.133089542060824,0,0.091986828909965,0.0471602666362823,0,0,0,0,0
433,0,0,0,0,0,0,0.179168555717311,0,0
434,0.173141068789342,0,0.091986828909965,0,0.0882500998920993,0.087294941913335,0.12613334162313,0,0
435,0,0,0,0,0,0,0,0,0
436,0,0,0,0,0,0,0,0.0977233045833625,0
437,0.0728469257891084,0,0.108315190585976,0,0,0,0.281193717444749,0,0
438,0,0,0,0,0,0,0,0,0
439,0.0654581951250255,0.2052319108068,0,0,0.0683992304731681,0,0.0753211143332035,0,0
440,0.0997229321130929,0.0790207129936426,0.175061879731564,0.220922489845129,0.0672419207135739,0,0.17873371554803,0,0.250411814712848
441,0,0,0,0,0,0.0874875252030655,0.109111648714601,0,0
442,0,0,0,0,0.0882500998920993,0,0.12613334162313,0,0.415011925296306
443,0,0,0,0,0,0,0.2380651273789,0,0
444,0,0.0961592883302414,0.180229689110608,0,0,0,0.12613334162313,0,0
445,0.0579616400248937,0,0.0859105155695349,0.0704737210228724,0.630470100350838,0.189486365970676,0,0,0
446,0,0.270314146961571,0,0,0.0882500998920993,0.0880847570417696,0.0467384246988011,0,0.0924523053330153
447,0,0,0,0.0704737210228724,0,0,0,0,0
448,0,0,0,0.0736558543667385,0,0,0,0,0.0866574346775246
449,0,0.136162037409343,0.223841016377422,0.169386854299023,0.20008085707779,0.0800041248077339,0.16800822037619,0,0
450,0,0,0,0,0.139222595156438,0,0,0,0
451,0,0,0.137930500807887,0.125166882099865,0,0,0.211136810442039,0,0
452,0.125103200650658,0.0790207129936426,0,0.146068672417103,0.146106573431229,0,0.187631583583227,0,0
453,0.138305120914134,0,0,0,0,0,0,0,0
454,0,0,0,0,0,0,0.0614982419600968,0,0
455,0,0,0,0,0,0,0.0700569070027101,0,0
456,0,0,0,0.0471602666362823,0.10070744140181,0.156749116780645,0.0467384246988011,0,0
457,0.222312884449678,0,0.194225706155511,0.0838529446181537,0.0840771618618819,0,0.145378021335914,0,0.0930120783987008
458,0.199445864226186,0,0.124677084883303,0.122014084064308,0.155492020605673,0.0985939928339444,0.0467384246988011,0,0
459,0,0.136162037409343,0.0859105155695349,0,0,0,0.461552632138595,0,0.118054657952713
460,0,0,0,0,0,0,0,0,0
461,0.165864402427813,0,0,0,0,0,0,0,0
462,0,0,0,0,0,0,0,0,0
463,0,0.092941823095816,0,0,0,0,0.281193717444749,0,0
464,0,0.0961592883302414,0,0,0,0,0.0467384246988011,0,0
465,0,0,0,0,0,0,0,0,0.0923413997745403
466,0,0.0961592883302414,0,0,0.188957541293909,0.156749116780645,0.12613334162313,0,0.0866574346775246
467,0,0,0.137930500807887,0,0.0683992304731681,0,0,0,0
468,0.106812093019243,0.0790207129936426,0.124677084883303,0.134978721751165,0,0,0.254343612981853,0,0
469,0,0,0,0,0,0,0,0,0.0930120783987008
470,0.133089542060824,0.175180001323884,0,0,0,0,0.0814718466599219,0,0
471,0,0,0,0.0838529446181537,0,0,0,0,0.118054657952713
472,0.133089542060824,0.0790207129936426,0.124677084883303,0.0471602666362823,0.0788646527176556,0,0.158760110848205,0.106382291011509,0.077096945357799
473,0,0,0,0,0,0,0,0,0
474,0.173141068789342,0,0,0.0471602666362823,0.167114752609755,0.087294941913335,0.0614982419600968,0,0
475,0,0.162011696493273,0.0782046067160076,0,0.0840771618618819,0,0.109111648714601,0,0
476,0,0,0,0,0,0,0.0467384246988011,0,0
477,0.0728469257891084,0,0.108315190585976,0,0,0.112715937257516,0.0700569070027101,0,0.0930120783987008
478,0,0,0.091986828909965,0,0.44639455242826,0.185888934747279,0,0,0
479,0,0.069069873397457,0.216135107523895,0.0704737210228724,0,0,0.211136810442039,0,0
480,0,0,0,0,0,0,0,0,0
481,0,0.136162037409343,0,0.209019826718018,0.20008085707779,0,0.109111648714601,0,0
482,0,0,0,0,0,0,0,0,0
483,0,0,0,0,0,0,0.0700569070027101,0,0
484,0.173141068789342,0,0,0.0471602666362823,0.452443921197423,0.175379698955105,0.0614982419600968,0,0
485,0,0.092941823095816,0,0,0.0840771618618819,0,0.0753211143332035,0,0
486,0.106812093019243,0.17415485863133,0.086819019530921,0.0736558543667385,0.139222595156438,0.0880847570417696,0.0614982419600968,0,0
487,0,0.0768697775766727,0.19145909889547,0,0.20008085707779,0,0.524523052154142,0,0
488,0,0.218130211991399,0,0,0,0,0,0,0
489,0.0654581951250255,0,0.0831439083094941,0.125166882099865,0.777254115155858,0.167491650010799,0,0,0
490,0.133089542060824,0,0.091986828909965,0.134978721751165,0.602886308736703,0.244833873822415,0,0,0
491,0.123419835149919,0.0768697775766727,0.221074409117381,0.169386854299023,0,0.112715937257516,0.356514831777952,0,0
492,0.133089542060824,0,0.206756313396233,0.0471602666362823,0,0,0.142970088620019,0,0
493,0.0654581951250255,0.0668256775412769,0.161348515025502,0,0,0,0.0753211143332035,0,0
494,0,0,0.091986828909965,0.208634576117904,0,0,0.12613334162313,0,0
495,0,0.0668256775412769,0.0782046067160076,0,0,0,0.254489670050514,0,0
496,0.279953161808585,0.419021311981678,0.086819019530921,0.294578344211867,0.227472695048538,0,0.187631583583227,0,0
497,0.0564484820218657,0.0768697775766727,0,0.0838529446181537,0.15247639233505,0.112715937257516,0.0753211143332035,0,0
498,0,0.139109498997757,0,0,0,0,0,0,0
499,0.109415920405947,0.0768697775766727,0,0,0,0,0.0700569070027101,0,0
500,0,0,0.0882428602006428,0,0,0,0.176656785812437,0,0
501,0,0,0,0,0,0,0.0700569070027101,0,0
502,0,0,0,0,0,0,0,0,0.0834066972563528
503,0,0.14593965097413,0,0,0,0,0.0700569070027101,0,0
504,0.125103200650658,0.0961592883302414,0.178805848440886,0.0736558543667385,0,0,0.12613334162313,0.0924736373681413,0.162055977349139
505,0.0728469257891084,0.159767500637093,0,0.0838529446181537,0.0840771618618819,0,0.243329334709394,0,0
506,0,0,0,0,0.10070744140181,0.244833873822415,0.0467384246988011,0,0
507,0,0,0,0,0,0,0,0,0
508,0,0,0,0,0,0,0,0,0
509,0.121906677146891,0,0.223841016377422,0.199569147460637,0.154346585263554,0,0.277119869090791,0,0
510,0,0,0,0,0,0,0,0.198855928379651,0.345408253280182
511,0.165864402427813,0.162011696493273,0.137930500807887,0.0838529446181537,0,0,0.379145030818229,0,0.118054657952713
512,0,0,0.114769484486268,0,0,0,0.0814718466599219,0,0
513,0,0,0,0,0.25536300963896,0.160449369260321,0,0,0
514,0.125103200650658,0,0.086819019530921,0.0736558543667385,0,0,0,0,0
515,0,0,0,0,0,0,0,0,0
516,0,0.17415485863133,0.211496104414224,0.193228939053385,0.10070744140181,0.156749116780645,0.112021686149404,0,0
517,0,0,0.108315190585976,0,0.138668653874841,0.112715937257516,0.0700569070027101,0,0
518,0,0,0,0,0,0,0,0,0.0866574346775246
519,0,0.136162037409343,0.0859105155695349,0,0,0,0.461552632138595,0,0.211066736351414
520,0,0,0,0,0.0788646527176556,0.0880847570417696,0.207605188283052,0,0.0924523053330153
521,0.0564484820218657,0,0.221074409117381,0,0,0,0.211136810442039,0.0977857126824193,0
522,0,0.069686452026464,0.114769484486268,0.134978721751165,0,0,0.236446938017621,0,0.160503642614152
523,0,0,0,0,0,0,0.2380651273789,0,0
524,0,0.069686452026464,0,0,0.139222595156438,0,0.158760110848205,0.106382291011509,0.162055977349139
525,0,0.0668256775412769,0.0782046067160076,0,0,0,0.488256679532829,0.108900590321929,0.0967952522348337
526,0,0,0,0,0,0,0,0,0.162055977349139
527,0.121906677146891,0.0768697775766727,0.0831439083094941,0,0,0,0,0,0
528,0,0.218130211991399,0.124677084883303,0,0,0,0.17873371554803,0,0
529,0.0564484820218657,0,0,0.074402265360772,0,0,0.0753211143332035,0,0
530,0.106812093019243,0.383975952348105,0.0882428602006428,0,0.0672419207135739,0,0.0505234441893071,0,0.169549250690814
531,0,0,0.137930500807887,0,0,0,0.286457924775242,0,0
532,0.133089542060824,0,0,0.0471602666362823,0,0,0.0505234441893071,0,0
533,0,0.159767500637093,0.0831439083094941,0,0,0.080445244452587,0.184432763047804,0,0
534,0,0,0,0.134978721751165,0,0,0.0467384246988011,0.0959744339398566,0.077096945357799
535,0,0,0,0,0,0,0.211136810442039,0,0
536,0,0,0,0,0,0,0,0,0.162055977349139
537,0,0,0,0,0,0,0,0.0977857126824193,0.189807330633535
538,0,0,0.124677084883303,0,0,0,0.0467384246988011,0,0
539,0,0,0,0,0,0,0,0,0
540,0,0.175180001323884,0.0882428602006428,0,0,0,0.0505234441893071,0,0
541,0,0,0,0.169386854299023,0,0,0.16800822037619,0,0.118054657952713
542,0,0.0790207129936426,0.114769484486268,0,0.0788646527176556,0,0.131995290849229,0,0
543,0,0,0.0859105155695349,0,0,0,0.320248459156639,0.106818139643209,0
544,0,0,0,0,0,0,0.0972618688881083,0,0
545,0,0,0,0,0,0,0,0,0
546,0,0.17415485863133,0.086819019530921,0,0,0,0.274965379469248,0,0.0866574346775246
547,0,0.0768697775766727,0.108315190585976,0,0,0,0.465626480492553,0,0
548,0.0997229321130929,0.218130211991399,0.304906773993911,0.148509671794764,0.0882500998920993,0,0.17873371554803,0.107208803894633,0.17910974001054
549,0,0,0,0,0,0,0,0,0
550,0,0.0790207129936426,0.0882428602006428,0,0,0,0.299653269732631,0,0.0834066972563528
551,0,0,0,0,0,0,0,0.204603852325628,0.216181909618094
552,0,0,0,0,0,0,0,0,0
553,0,0,0,0,0,0,0,0,0
554,0.133089542060824,0,0.178805848440886,0,0.0882500998920993,0.087294941913335,0.234370008282028,0,0.0924523053330153
555,0,0,0,0,0,0,0,0,0
556,0,0,0.086819019530921,0,0,0,0.0614982419600968,0,0.162055977349139
557,0,0,0.510970095411855,0,0,0,0.0700569070027101,0,0
558,0.239901635080067,0,0.124677084883303,0.134978721751165,0.146106573431229,0.0985939928339444,0.17873371554803,0,0
559,0,0,0,0,0,0,0,0,0
560,0.133089542060824,0,0.091986828909965,0.134978721751165,0.514636208844604,0.244833873822415,0,0,0
561,0.109415920405947,0,0,0.074402265360772,0.510035358729709,0.214714778025126,0.0753211143332035,0,0
562,0,0,0,0,0,0,0,0,0
563,0.0728469257891084,0.092941823095816,0,0.169386854299023,0.268480087550958,0,0,0,0
564,0.173141068789342,0,0,0.0471602666362823,0.167114752609755,0.087294941913335,0,0.0924736373681413,0
565,0,0,0,0.169386854299023,0,0,0.145378021335914,0,0
566,0.106812093019243,0.270314146961571,0,0.0736558543667385,0.328180136450347,0.156749116780645,0.0467384246988011,0,0
567,0,0,0,0,0,0,0,0,0
568,0,0,0,0,0,0.0985939928339444,0.108236666658898,0.202356724951366,0
569,0.0564484820218657,0.136162037409343,0,0.074402265360772,0,0.10199884076761,0.0700569070027101,0,0
570,0.0997229321130929,0,0,0.146068672417103,0.0672419207135739,0,0.0467384246988011,0.106382291011509,0.184904610666031
571,0,0,0,0,0,0,0,0,0
572,0,0,0.114769484486268,0,0,0,0.207605188283052,0,0
573,0,0.092941823095816,0,0,0,0,0,0,0
574,0.173141068789342,0.262005028686947,0,0,0.139222595156438,0,0,0.0959744339398566,0.077096945357799
575,0.0579616400248937,0,0.0859105155695349,0.0704737210228724,0.630470100350838,0.189486365970676,0,0,0
576,0,0,0,0.0748538174280259,0,0,0.304867057171161,0,0
577,0,0.0668256775412769,0,0,0.0702694234016726,0,0.109111648714601,0,0
578,0.239901635080067,0,0.124677084883303,0.134978721751165,0,0,0.169734908618995,0.0959744339398566,0
579,0,0.136162037409343,0,0,0,0,0,0,0
580,0,0,0,0,0,0,0,0,0
581,0.0564484820218657,0,0,0,0,0,0,0,0
582,0,0.069686452026464,0,0,0,0,0,0,0
583,0,0,0.0831439083094941,0.074402265360772,0,0,0.0753211143332035,0,0.0981272516653813
584,0.231915293669901,0,0.091986828909965,0,0,0,0.234370008282028,0,0.0866574346775246
585,0,0,0,0,0,0,0,0.0938552338788815,0.189136652009374
586,0.106812093019243,0,0,0.0736558543667385,0.318794689275904,0.156749116780645,0,0,0
587,0.129295407810974,0.20298771495062,0,0.0838529446181537,0.222745815736723,0.112715937257516,0.277119869090791,0.108900590321929,0
588,0.173141068789342,0,0.124677084883303,0,0,0,0.108236666658898,0,0
589,0.0728469257891084,0,0.137930500807887,0,0.20008085707779,0.0800041248077339,0.211136810442039,0,0
590,0,0,0.0882428602006428,0,0,0,0.0505234441893071,0,0
591,0,0,0,0,0,0,0,0,0.216181909618094
592,0.173141068789342,0,0,0.134978721751165,0,0,0.12613334162313,0,0
593,0.138305120914134,0,0,0,0,0,0,0,0
594,0,0,0,0,0,0,0.0467384246988011,0,0
595,0.240224486219949,0,0,0.0838529446181537,0,0,0.2380651273789,0,0
596,0.173141068789342,0.313264357629086,0.086819019530921,0.0748538174280259,0.10070744140181,0.156749116780645,0.234370008282028,0,0
597,0,0,0,0,0,0,0,0,0
598,0.33962456719316,0.487419216260416,0.124677084883303,0.256992805815473,0.188957541293909,0,0.366365299131257,0,0
599,0,0,0,0,0,0,0,0,0
600,0,0,0.086819019530921,0,0,0,0,0,0
601,0,0.069069873397457,0.137930500807887,0,0,0,0.460362273162059,0,0.216181909618094
602,0,0,0,0,0,0,0,0,0.0834066972563528
603,0.247721041320081,0.092941823095816,0,0.0704737210228724,0,0,0,0,0.0981272516653813
604,0,0.0961592883302414,0.091986828909965,0,0,0,0.12613334162313,0,0.077096945357799
605,0,0.0668256775412769,0.0782046067160076,0,0,0,0.109111648714601,0,0
606,0,0.0961592883302414,0.086819019530921,0,0.188957541293909,0.156749116780645,0.112021686149404,0,0
607,0,0.0768697775766727,0.0831439083094941,0,0,0,0.184432763047804,0,0
608,0.133089542060824,0,0,0,0,0,0.112021686149404,0,0
609,0.236316799193651,0.14593965097413,0.137930500807887,0.074402265360772,0.0683992304731681,0,0.211136810442039,0.199695992319267,0.186024156797402
610,0,0,0.0882428602006428,0.0736558543667385,0.0788646527176556,0.0880847570417696,0.131995290849229,0,0
611,0,0,0,0.0838529446181537,0.20008085707779,0,0.16800822037619,0,0.0981272516653813
612,0.133089542060824,0.0790207129936426,0.124677084883303,0.0471602666362823,0.0788646527176556,0,0.158760110848205,0.106382291011509,0.077096945357799
613,0,0,0,0,0,0,0,0,0
614,0,0.0961592883302414,0.086819019530921,0,0.139222595156438,0,0,0.0959744339398566,0.077096945357799
615,0.240224486219949,0,0,0.0838529446181537,0.0840771618618819,0,0.379145030818229,0,0
616,0,0,0.124677084883303,0,0,0,0,0,0
617,0,0,0.0831439083094941,0,0,0,0,0,0
618,0.0997229321130929,0.0790207129936426,0.091986828909965,0,0,0,0.319626874432456,0,0
619,0,0.213031814986016,0,0,0,0,0.211136810442039,0,0
620,0,0,0,0,0,0,0,0,0
621,0.165864402427813,0.069069873397457,0.0831439083094941,0.074402265360772,0.171285847777078,0.10199884076761,0.0753211143332035,0,0
622,0,0.165845740356705,0.114769484486268,0,0,0,0.142970088620019,0,0
623,0,0.092941823095816,0,0,0,0,0,0,0
624,0.298244269439999,0.0961592883302414,0,0.266884793420124,0.234356673323329,0.087294941913335,0.0505234441893071,0,0
625,0,0,0,0,0,0,0,0,0.287263903674755
626,0,0,0,0,0,0,0,0,0.162055977349139
627,0.0579616400248937,0.14369545511795,0,0.125166882099865,0.270350280479463,0,0.211136810442039,0,0.189807330633535
628,0,0,0,0,0,0,0,0,0.0866574346775246
629,0,0,0,0,0,0,0.109111648714601,0,0
630,0,0.0790207129936426,0,0,0,0,0.12613334162313,0,0
631,0,0,0,0.169386854299023,0,0,0.16800822037619,0,0
632,0,0,0,0,0,0,0,0,0.0834066972563528
633,0.0654581951250255,0.092941823095816,0,0,0,0,0.211136810442039,0,0
634,0,0,0,0,0.0882500998920993,0.087294941913335,0,0,0
635,0,0,0.0782046067160076,0,0,0,0.558313586535539,0,0
636,0.106812093019243,0,0,0.0736558543667385,0.458017284432342,0.156749116780645,0,0,0
637,0,0,0,0,0,0,0,0,0
638,0,0,0,0.134978721751165,0,0,0,0,0.0924523053330153
639,0.0579616400248937,0.136162037409343,0,0,0,0,0.0700569070027101,0,0
640,0.133089542060824,0.0790207129936426,0,0,0,0,0,0,0
641,0,0.136162037409343,0,0,0.40016171415558,0,0.0700569070027101,0,0
642,0.224826132763751,0,0.114769484486268,0,0,0,0.0814718466599219,0,0
643,0,0,0,0,0,0,0,0,0.0981272516653813
644,0,0,0.091986828909965,0.146068672417103,0,0,0.12613334162313,0,0.077096945357799
645,0.0579616400248937,0,0.0859105155695349,0.0704737210228724,0.630470100350838,0.189486365970676,0,0,0
646,0,0,0,0,0,0,0.0505234441893071,0,0
647,0.0579616400248937,0,0,0.125166882099865,0,0,0.16800822037619,0,0
648,0,0,0,0,0,0,0,0,0
649,0,0,0,0,0,0,0,0,0
650,0,0,0,0,0,0,0.187631583583227,0,0
651,0,0.136162037409343,0,0,0.20008085707779,0,0.16800822037619,0,0
652,0,0.0790207129936426,0,0,0.0788646527176556,0,0,0,0
653,0.182262846195055,0.0668256775412769,0.0831439083094941,0.239860575321895,0.354427442341345,0.080445244452587,0.356514831777952,0,0.0981272516653813
654,0.365004835730725,0,0.086819019530921,0.0736558543667385,0,0,0.0614982419600968,0,0
655,0,0,0,0,0,0,0,0,0
656,0.0997229321130929,0.17415485863133,0,0,0.10070744140181,0.156749116780645,0.0467384246988011,0,0.0866574346775246
657,0,0,0,0,0,0,0.16800822037619,0,0
658,0,0,0,0,0,0,0,0,0
659,0,0,0,0,0.20008085707779,0.0800041248077339,0,0,0
660,0,0,0,0,0,0,0,0,0.0924523053330153
661,0.0728469257891084,0.136162037409343,0,0,0.302967474381701,0.10199884076761,0.411337555085584,0,0.0967952522348337
662,0.133089542060824,0.069686452026464,0,0.122014084064308,0.0882500998920993,0,0,0,0.077096945357799
663,0,0,0,0,0,0,0,0,0
664,0,0.0961592883302414,0.091986828909965,0,0.0882500998920993,0.087294941913335,0.12613334162313,0,0
665,0,0.0668256775412769,0,0,0,0,0,0,0.0923413997745403
666,0.106812093019243,0,0.086819019530921,0.0736558543667385,0.239930036558248,0.156749116780645,0.108236666658898,0,0
667,0,0,0,0,0,0,0.286457924775242,0,0
668,0,0,0,0,0,0,0,0,0.0866574346775246
669,0,0,0.0782046067160076,0,0,0,0,0,0
670,0.133089542060824,0.069686452026464,0,0.134978721751165,0.179572094119465,0.0880847570417696,0.0814718466599219,0,0
671,0,0.136162037409343,0.137930500807887,0,0.20008085707779,0,0.320248459156639,0,0
672,0,0,0,0,0,0,0.12613334162313,0,0
673,0.138305120914134,0.169811600672489,0.169054423879029,0.125166882099865,0,0,0.243329334709394,0,0
674,0,0,0,0,0,0,0.0505234441893071,0,0.077096945357799
675,0.109415920405947,0.0668256775412769,0,0.158255209978926,0,0,0.356514831777952,0,0
676,0,0,0.086819019530921,0,0,0,0.0614982419600968,0,0
677,0.121906677146891,0,0,0.0838529446181537,0.325632433040633,0.112715937257516,0.0753211143332035,0,0
678,0,0,0.0882428602006428,0.0736558543667385,0,0,0,0,0
679,0,0.136162037409343,0,0,0,0,0,0,0
680,0,0,0,0,0,0,0,0,0
681,0,0.169811600672489,0.137930500807887,0,0,0,0.379145030818229,0,0
682,0.224826132763751,0.0790207129936426,0.114769484486268,0,0,0.156749116780645,0.0814718466599219,0,0
683,0,0,0,0,0.0840771618618819,0.080445244452587,0,0,0
684,0,0,0,0.255794842754186,0.0882500998920993,0.087294941913335,0.0467384246988011,0,0
685,0,0,0,0.169386854299023,0,0,0,0,0
686,0,0.313264357629086,0.086819019530921,0,0,0,0.269103430243149,0,0
687,0.0728469257891084,0.0668256775412769,0.108315190585976,0.125166882099865,0.338749510952631,0.112715937257516,0.2380651273789,0,0.0967952522348337
688,0.199445864226186,0.069686452026464,0.124677084883303,0.122014084064308,0.155492020605673,0.0985939928339444,0.17873371554803,0.107208803894633,0.0866574346775246
689,0.232835755555866,0.136162037409343,0.0859105155695349,0,0,0,0.16800822037619,0,0
690,0,0.208795951024221,0,0,0.146106573431229,0.0880847570417696,0,0,0.0924523053330153
691,0,0,0,0,0,0,0,0,0
692,0,0,0,0,0,0,0,0,0
693,0,0,0,0.125166882099865,0,0,0,0,0.190468651439922
694,0,0.069686452026464,0,0.208634576117904,0,0,0.0814718466599219,0,0
695,0.0654581951250255,0.159767500637093,0,0,0.0840771618618819,0,0.243329334709394,0.0977857126824193,0
696,0.125103200650658,0,0.086819019530921,0,0.10070744140181,0.156749116780645,0.187631583583227,0,0
697,0.0579616400248937,0,0,0.125166882099865,0.0683992304731681,0.112715937257516,0.211136810442039,0,0
698,0,0.243841310657794,0,0,0,0,0,0,0
699,0.0654581951250255,0.069069873397457,0.223841016377422,0,0,0,0.449201937820939,0,0.0930120783987008
700,0.106812093019243,0,0.086819019530921,0.146068672417103,0.0788646527176556,0.0880847570417696,0,0,0
701,0.109415920405947,0.2052319108068,0.0831439083094941,0.125166882099865,0.302967474381701,0.20399768153522,0.184432763047804,0,0.0981272516653813
702,0,0,0,0.0471602666362823,0,0,0.0505234441893071,0,0
703,0,0.092941823095816,0,0.0704737210228724,0,0,0,0,0
704,0,0,0,0,0,0,0,0,0
705,0,0,0,0,0,0,0,0,0
706,0,0,0,0,0,0,0,0,0
707,0.114410122046759,0.136162037409343,0,0.125166882099865,0,0,0.109111648714601,0,0
708,0.0997229321130929,0.218130211991399,0.212919945083946,0.0748538174280259,0.155492020605673,0.0985939928339444,0.0972618688881083,0,0.0834066972563528
709,0,0,0,0,0,0,0,0,0
710,0,0.0790207129936426,0.0882428602006428,0,0,0,0.299653269732631,0,0.175859002589368
711,0,0.092941823095816,0.137930500807887,0.169386854299023,0,0,0.320248459156639,0,0
712,0,0,0.124677084883303,0,0,0,0,0.0977233045833625,0.160503642614152
713,0,0.069069873397457,0,0,0.10288661730391,0,0,0,0
714,0,0.0961592883302414,0.091986828909965,0,0,0,0.223395210511239,0,0
715,0,0.092941823095816,0.186519797301984,0,0,0,0.109111648714601,0,0
716,0.106812093019243,0.349334859955214,0.086819019530921,0.146068672417103,0.0882500998920993,0,0.108236666658898,0,0
717,0,0.0768697775766727,0,0,0,0,0.16800822037619,0,0
718,0.106812093019243,0,0.0882428602006428,0.134978721751165,0,0,0.0505234441893071,0,0
719,0,0,0,0,0,0,0.211136810442039,0,0
720,0,0,0,0,0,0,0,0,0
721,0,0,0,0.125166882099865,0,0,0,0,0
722,0,0,0,0.0471602666362823,0,0,0.0505234441893071,0,0
723,0,0,0,0,0,0,0,0,0
724,0,0.243841310657794,0.086819019530921,0,0.139222595156438,0,0.0467384246988011,0,0
725,0.109415920405947,0.14369545511795,0,0,0,0,0.150642228666407,0,0
726,0,0,0,0.146068672417103,0,0,0,0.0959744339398566,0.248713412026664
727,0,0,0,0,0,0,0.16800822037619,0,0
728,0,0,0.124677084883303,0,0,0,0.0467384246988011,0,0
729,0,0,0,0,0,0,0,0,0
730,0,0,0,0,0,0,0,0,0.0924523053330153
731,0,0,0,0.169386854299023,0,0,0.16800822037619,0,0
732,0,0.069686452026464,0,0,0,0,0.12613334162313,0,0
733,0.130808565814002,0.092941823095816,0,0,0,0,0.320248459156639,0,0
734,0,0.262005028686947,0.091986828909965,0,0.139222595156438,0,0.172871766321932,0,0
735,0,0,0,0,0,0,0,0,0
736,0,0.17415485863133,0.114769484486268,0,0,0,0.131995290849229,0,0
737,0,0.210521132659227,0.19145909889547,0,0.243425464107255,0.080445244452587,0.540947594825756,0,0.189807330633535
738,0.125103200650658,0,0,0,0,0,0,0,0
739,0.0654581951250255,0,0,0.0838529446181537,0,0,0,0,0.0930120783987008
740,0,0.069686452026464,0.175061879731564,0,0,0,0.0505234441893071,0,0.0924523053330153
741,0.109415920405947,0.2052319108068,0.137930500807887,0.199569147460637,0.268480087550958,0,0.286457924775242,0,0.0981272516653813
742,0,0.0790207129936426,0,0.0471602666362823,0.0788646527176556,0,0.0467384246988011,0,0
743,0,0.092941823095816,0,0.148804530721544,0,0,0.109111648714601,0,0
744,0.431333811500824,0,0.091986828909965,0.0736558543667385,0,0,0.187631583583227,0,0
745,0.109415920405947,0.0668256775412769,0.0782046067160076,0.074402265360772,0.0702694234016726,0.0874875252030655,0.395569573489843,0,0.0923413997745403
746,0,0,0,0,0,0,0.12613334162313,0,0.0866574346775246
747,0.129295407810974,0,0,0,0,0,0,0,0
748,0,0.348309717262659,0.124677084883303,0,0.10070744140181,0,0.0467384246988011,0,0
749,0.0564484820218657,0.136162037409343,0.0859105155695349,0.144875986383644,0,0,0.16800822037619,0,0
750,0.239901635080067,0.175180001323884,0,0.0748538174280259,0,0,0.207605188283052,0,0
751,0.0564484820218657,0.162011696493273,0.137930500807887,0,0.10288661730391,0.10199884076761,0.0753211143332035,0,0
752,0.125103200650658,0,0,0.146068672417103,0.374413877985396,0.106625518941793,0,0,0
753,0.174874115530973,0,0,0.0704737210228724,0,0.112715937257516,0.281193717444749,0,0
754,0.306230610850166,0,0,0,0,0,0,0,0
755,0.0728469257891084,0,0.108315190585976,0.0838529446181537,0,0,0,0,0.0981272516653813
756,0.173141068789342,0.313264357629086,0.211496104414224,0.0748538174280259,0,0,0.158760110848205,0,0
757,0,0,0,0,0.0683992304731681,0.112715937257516,0,0,0
758,0.106812093019243,0,0.268472549311251,0.281047394168268,0.0672419207135739,0.0985939928339444,0.0614982419600968,0,0
759,0.0654581951250255,0,0,0.125166882099865,0.270350280479463,0.0800041248077339,0,0,0
760,0,0,0,0,0,0,0,0,0
761,0,0.43406928484135,0.137930500807887,0,0.20008085707779,0,0.454466145151432,0,0
762,0.125103200650658,0.148707165020107,0.206756313396233,0.146068672417103,0.453278530703051,0.106625518941793,0.128210271358723,0,0
763,0.109415920405947,0,0.0782046067160076,0.0704737210228724,0,0,0,0,0
764,0,0.165845740356705,0.091986828909965,0,0.227472695048538,0.087294941913335,0.187631583583227,0,0
765,0,0.092941823095816,0,0,0.0840771618618819,0,0,0,0
766,0,0,0.124677084883303,0,0,0,0,0,0
767,0,0.14593965097413,0.0859105155695349,0.294553736398887,0.0683992304731681,0.112715937257516,0.16800822037619,0,0
768,0,0,0,0,0,0,0,0,0
769,0,0.136162037409343,0.0859105155695349,0,0,0,0.461552632138595,0,0.118054657952713
770,0.239901635080067,0,0,0,0,0,0,0,0
771,0.231322597552838,0,0,0.294553736398887,0,0,0.243329334709394,0,0
772,0,0.139372904052928,0.206756313396233,0,0.0882500998920993,0,0.18970851331882,0,0
773,0,0,0,0,0.0840771618618819,0.080445244452587,0,0,0
774,0,0.0961592883302414,0,0,0,0,0,0,0.077096945357799
775,0.0579616400248937,0,0,0.0704737210228724,0.476123515087284,0.0874875252030655,0,0,0
776,0,0,0,0,0,0,0,0,0.162055977349139
777,0,0,0,0,0,0,0.16800822037619,0,0
778,0,0,0,0,0,0,0,0,0.0866574346775246
779,0,0,0.0859105155695349,0.154326665641026,0.10288661730391,0,0.16800822037619,0.0938552338788815,0
780,0,0,0,0,0,0,0.269103430243149,0,0
781,0,0,0,0,0,0,0.0753211143332035,0,0
782,0,0,0.091986828909965,0,0,0,0,0,0
783,0,0.069069873397457,0.161348515025502,0,0.10288661730391,0,0.0753211143332035,0,0
784,0.173141068789342,0,0,0.0471602666362823,0.313221326040984,0.087294941913335,0,0,0
785,0,0,0,0.169386854299023,0.0702694234016726,0.0874875252030655,0,0,0
786,0,0.0961592883302414,0,0.0471602666362823,0,0,0.17873371554803,0.0924736373681413,0.162055977349139
787,0.0579616400248937,0.069069873397457,0.108315190585976,0.125166882099865,0,0,0.281193717444749,0,0
788,0,0,0,0,0,0,0,0,0
789,0.0654581951250255,0.0768697775766727,0,0.125166882099865,0.491225903287681,0.167491650010799,0,0,0
790,0.239901635080067,0,0.0882428602006428,0.219724526783841,0,0,0.0505234441893071,0,0
791,0.165864402427813,0,0,0,0,0,0.184432763047804,0,0.118054657952713
792,0.397967201553092,0.069686452026464,0.114769484486268,0.146068672417103,0.0672419207135739,0,0.18970851331882,0,0
793,0.130808565814002,0.092941823095816,0,0.125166882099865,0,0,0.0700569070027101,0,0
794,0,0.069686452026464,0.091986828909965,0,0.227472695048538,0.087294941913335,0.12613334162313,0,0
795,0.182262846195055,0,0,0.0838529446181537,0,0,0.0700569070027101,0,0
796,0.106812093019243,0,0,0.0736558543667385,0.139222595156438,0,0,0,0
797,0,0,0,0,0,0,0,0,0.0967952522348337
798,0,0,0,0,0,0,0,0,0.0866574346775246
799,0,0,0,0,0,0,0,0,0
800,0,0.0790207129936426,0.0882428602006428,0,0,0,0.299653269732631,0,0.0834066972563528
801,0,0,0,0,0,0,0,0,0.118054657952713
802,0.133089542060824,0,0.114769484486268,0.0471602666362823,0.139222595156438,0.106625518941793,0.207605188283052,0,0
803,0.145693851578217,0.092941823095816,0,0.169386854299023,0.20008085707779,0,0.211136810442039,0,0
804,0.306230610850166,0,0,0,0,0,0,0,0
805,0.0564484820218657,0.092941823095816,0.0782046067160076,0.169386854299023,0.0840771618618819,0,0.109111648714601,0,0
806,0,0.17415485863133,0,0,0,0,0,0,0
807,0.0564484820218657,0.0768697775766727,0.0859105155695349,0.0838529446181537,0.15247639233505,0.112715937257516,0,0,0
808,0.272864000902435,0,0,0,0,0,0,0,0
809,0,0,0,0,0,0,0,0,0
810,0.239901635080067,0,0,0,0,0,0,0,0
811,0,0,0,0,0.0840771618618819,0,0,0,0
812,0,0.0961592883302414,0.114769484486268,0,0,0,0.0814718466599219,0,0
813,0.109415920405947,0.0668256775412769,0.0831439083094941,0.0704737210228724,0,0,0.243329334709394,0,0
814,0.298244269439999,0.0961592883302414,0.091986828909965,0.0736558543667385,0.10070744140181,0,0.254343612981853,0,0
815,0,0.0668256775412769,0.0782046067160076,0,0.0702694234016726,0.0874875252030655,0.488256679532829,0,0
816,0,0.270314146961571,0.086819019530921,0,0.0882500998920993,0,0.401098721092378,0,0.248713412026664
817,0.0564484820218657,0,0,0.0704737210228724,0,0,0,0,0
818,0,0,0,0,0.167949362115384,0.205219511775737,0,0,0
819,0,0.136162037409343,0.0859105155695349,0,0,0,0.461552632138595,0,0.118054657952713
820,0,0,0,0,0,0,0,0,0
821,0,0,0.137930500807887,0,0,0,0.211136810442039,0,0
822,0,0,0.124677084883303,0,0.0882500998920993,0,0.12613334162313,0,0.0834066972563528
823,0,0,0,0,0,0,0.16800822037619,0,0.0981272516653813
824,0.306230610850166,0,0,0,0,0,0,0,0
825,0,0.159767500637093,0,0.169386854299023,0.0702694234016726,0.0874875252030655,0.145378021335914,0,0
826,0,0,0,0,0,0,0,0,0
827,0,0,0.0859105155695349,0.148804530721544,0,0,0,0,0
828,0,0.139109498997757,0,0,0,0,0,0,0
829,0,0,0,0,0,0,0,0,0
830,0.125103200650658,0,0,0.0736558543667385,0,0,0.0814718466599219,0,0
831,0.109415920405947,0.136162037409343,0,0.158255209978926,0.268480087550958,0,0.0753211143332035,0,0
832,0,0.148707165020107,0.239446569369571,0,0.0788646527176556,0,0.193493532809326,0,0.0834066972563528
833,0,0,0,0,0,0,0,0,0
834,0,0,0.086819019530921,0.0748538174280259,0,0,0,0,0
835,0.0579616400248937,0.0668256775412769,0.0859105155695349,0.0704737210228724,0.10288661730391,0,0.0700569070027101,0.0938552338788815,0.281478051783914
836,0.298244269439999,0,0.211496104414224,0.0748538174280259,0.188957541293909,0.156749116780645,0.0614982419600968,0,0
837,0,0.213031814986016,0.108315190585976,0,0,0,0.356514831777952,0,0
838,0,0,0,0,0,0,0,0.0959744339398566,0.0924523053330153
839,0,0.069069873397457,0.0782046067160076,0.0704737210228724,0,0,0.211136810442039,0,0
840,0.133089542060824,0.139109498997757,0,0,0.0672419207135739,0,0.108236666658898,0.106382291011509,0.184904610666031
841,0,0.069069873397457,0,0,0,0,0.109111648714601,0,0
842,0.125103200650658,0.32388716634399,0.180229689110608,0.193228939053385,0.285329168587668,0.106625518941793,0.12613334162313,0,0
843,0.138305120914134,0.159767500637093,0.0831439083094941,0,0.0840771618618819,0.080445244452587,0.0753211143332035,0,0
844,0,0,0,0,0,0,0,0,0
845,0,0,0,0,0,0,0.211136810442039,0,0.0923413997745403
846,0,0,0,0.0471602666362823,0.10070744140181,0.156749116780645,0.0972618688881083,0,0
847,0,0,0,0.0704737210228724,0,0,0.16800822037619,0,0
848,0.173141068789342,0.139109498997757,0.124677084883303,0,0,0,0.254343612981853,0,0
849,0,0,0.0859105155695349,0,0,0,0.563577793866033,0,0
850,0,0.0790207129936426,0,0,0,0.106625518941793,0.12613334162313,0,0
851,0,0,0,0,0.10288661730391,0.189486365970676,0,0,0
852,0,0,0.114769484486268,0,0,0,0.0814718466599219,0,0
853,0,0.162011696493273,0.0831439083094941,0,0.10288661730391,0,0.286457924775242,0,0
854,0,0,0.091986828909965,0,0.188957541293909,0.087294941913335,0.12613334162313,0,0
855,0,0.092941823095816,0.186519797301984,0.074402265360772,0.0840771618618819,0,0.320248459156639,0,0
856,0.173141068789342,0.409423645959328,0.086819019530921,0.220922489845129,0.188957541293909,0.156749116780645,0.187631583583227,0,0
857,0,0.0768697775766727,0.0859105155695349,0,0,0,0.454466145151432,0,0.0967952522348337
858,0,0,0,0,0,0,0,0,0
859,0,0,0.137930500807887,0,0,0,0,0,0
860,0,0,0,0,0,0,0,0,0
861,0,0.136162037409343,0,0,0.20008085707779,0,0.16800822037619,0,0.118054657952713
862,0,0,0,0,0,0,0,0,0.0834066972563528
863,0.109415920405947,0.069069873397457,0,0.0704737210228724,0.10288661730391,0,0,0.0938552338788815,0.118054657952713
864,0,0.270314146961571,0.091986828909965,0,0,0,0.223395210511239,0,0
865,0.0728469257891084,0,0,0.0838529446181537,0,0,0.0700569070027101,0,0
866,0.106812093019243,0.17415485863133,0,0,0.10070744140181,0.156749116780645,0.299005107945062,0.107208803894633,0
867,0,0,0.0831439083094941,0,0,0,0,0,0
868,0,0,0,0,0,0,0,0,0
869,0.0564484820218657,0,0.0859105155695349,0.074402265360772,0,0,0.352440983423994,0,0.118054657952713
870,0,0.218130211991399,0.0882428602006428,0,0.0672419207135739,0,0.0972618688881083,0,0
871,0,0.069069873397457,0,0,0,0,0.0700569070027101,0,0.0981272516653813
872,0,0,0,0,0,0,0.12613334162313,0,0
873,0,0.34892736592475,0.0831439083094941,0,0,0,0.0753211143332035,0,0
874,0.173141068789342,0,0.091986828909965,0.0471602666362823,0.0788646527176556,0,0.172871766321932,0,0
875,0.109415920405947,0.252709323732909,0.0782046067160076,0,0.0840771618618819,0,0.422497890426704,0,0.0930120783987008
876,0,0.139109498997757,0.201588504017189,0,0,0,0.319626874432456,0.0959744339398566,0
877,0,0,0,0,0.0683992304731681,0.112715937257516,0,0,0
878,0,0.139109498997757,0.124677084883303,0,0,0,0.380476954604984,0,0.0924523053330153
879,0.0564484820218657,0,0.137930500807887,0.074402265360772,0,0,0,0,0
880,0,0,0,0,0,0,0,0,0
881,0,0,0,0,0,0,0,0,0
882,0,0,0,0,0.179572094119465,0.0985939928339444,0,0,0
883,0.109415920405947,0,0.0782046067160076,0.0838529446181537,0.0840771618618819,0.080445244452587,0,0,0
884,0,0,0,0,0.294714615762112,0.175379698955105,0,0,0
885,0,0.0668256775412769,0.216135107523895,0,0,0,0.699393489974868,0,0.189136652009374
886,0,0,0,0,0.188957541293909,0.156749116780645,0,0,0
887,0.0564484820218657,0,0,0.0838529446181537,0.339440171500842,0.112715937257516,0,0,0
888,0,0,0,0,0,0,0.0614982419600968,0,0
889,0,0,0,0,0,0,0,0,0.0930120783987008
890,0.0997229321130929,0.0790207129936426,0,0.146068672417103,0,0,0.0467384246988011,0,0
891,0.0564484820218657,0.069069873397457,0.137930500807887,0,0.0840771618618819,0,0.390305366159349,0,0
892,0,0.069686452026464,0,0.134978721751165,0,0,0.12613334162313,0,0
893,0.0654581951250255,0.092941823095816,0.161348515025502,0,0.0702694234016726,0,0.0753211143332035,0,0.0981272516653813
894,0,0,0.0882428602006428,0,0,0,0,0,0
895,0,0,0,0,0,0,0,0,0.0967952522348337
896,0,0,0,0,0,0,0.223395210511239,0,0
897,0,0,0.0859105155695349,0.169386854299023,0.0683992304731681,0.112715937257516,0.16800822037619,0,0
898,0,0.243841310657794,0,0,0,0,0.0814718466599219,0,0
899,0,0,0,0,0,0,0,0,0.0930120783987008
900,0,0.278218997995513,0.114769484486268,0,0.134483841427148,0,0.0814718466599219,0,0
901,0,0,0.246245691393864,0,0.443506321185046,0.214714778025126,0.320248459156639,0,0
902,0,0,0,0,0.218087247874094,0.106625518941793,0,0,0.0834066972563528
903,0.0728469257891084,0,0,0.169386854299023,0.55263810649063,0.080445244452587,0,0,0
904,0.479371679639507,0,0,0.0471602666362823,0.234356673323329,0.087294941913335,0.0614982419600968,0,0.0866574346775246
905,0.130808565814002,0.14369545511795,0.0782046067160076,0.154326665641026,0.173156040705583,0.0874875252030655,0.179168555717311,0,0
906,0,0,0,0,0,0,0,0,0.408702173397752
907,0,0.133651355082554,0.0859105155695349,0,0.138668653874841,0.112715937257516,0.218223297429201,0,0
908,0.372586933015527,0.139109498997757,0,0.0748538174280259,0.0882500998920993,0,0,0,0
909,0,0.136162037409343,0.0859105155695349,0,0,0,0.461552632138595,0,0.118054657952713
910,0,0.139109498997757,0,0.0736558543667385,0.0672419207135739,0,0.128210271358723,0,0
911,0,0.2052319108068,0,0,0,0,0.0753211143332035,0,0
912,0.125103200650658,0,0.124677084883303,0.146068672417103,0.246814014833039,0,0,0,0
913,0,0,0.161348515025502,0,0,0,0.356514831777952,0.108900590321929,0.0923413997745403
914,0,0,0,0,0,0,0,0,0
915,0.109415920405947,0.0668256775412769,0,0,0,0,0.0700569070027101,0,0
916,0.279953161808585,0.17415485863133,0,0.148509671794764,0.239930036558248,0.156749116780645,0,0,0
917,0.0654581951250255,0.14369545511795,0.0782046067160076,0.0838529446181537,0.0702694234016726,0,0.109111648714601,0,0
918,0,0,0,0,0,0,0.0505234441893071,0,0
919,0,0,0,0,0,0,0.211136810442039,0,0.0930120783987008
920,0,0,0,0,0,0,0,0,0
921,0,0.069069873397457,0,0,0,0.375164147285447,0,0,0
922,0,0.069686452026464,0.114769484486268,0,0,0,0.258128632472359,0,0
923,0,0,0,0,0,0,0,0,0
924,0,0.0961592883302414,0.091986828909965,0,0,0,0.273918654700546,0,0.162055977349139
925,0.130808565814002,0.135895550938734,0.108315190585976,0.253239798917176,0,0,0.145378021335914,0,0
926,0,0.409423645959328,0,0.0471602666362823,0,0.087294941913335,0.0467384246988011,0,0
927,0.0654581951250255,0.213031814986016,0.19145909889547,0.125166882099865,0,0,0.449201937820939,0,0.118054657952713
928,0,0.139109498997757,0.216663913793268,0,0.239930036558248,0.087294941913335,0.254343612981853,0,0
929,0.0564484820218657,0.229103860505159,0.223841016377422,0.074402265360772,0,0,0.379145030818229,0,0
930,0,0,0,0,0.155492020605673,0.156749116780645,0.187631583583227,0,0
931,0,0.069069873397457,0.0831439083094941,0,0,0,0,0,0
932,0.224826132763751,0,0,0,0.0788646527176556,0,0,0,0
933,0,0.162011696493273,0,0,0.10288661730391,0,0.390305366159349,0,0
934,0.306230610850166,0,0,0,0,0,0,0,0
935,0.0728469257891084,0,0.108315190585976,0.0838529446181537,0,0,0,0,0
936,0,0,0,0,0.0672419207135739,0,0,0,0
937,0,0.0768697775766727,0,0.46394059069791,0,0,0.277119869090791,0,0
938,0,0.139109498997757,0.124677084883303,0,0.0672419207135739,0.0985939928339444,0.0972618688881083,0,0
939,0,0,0,0,0,0,0,0,0
940,0.106812093019243,0,0,0,0,0,0,0,0
941,0,0.069069873397457,0.137930500807887,0,0,0,0.320248459156639,0,0
942,0,0,0.124677084883303,0,0,0,0.158760110848205,0,0
943,0.0728469257891084,0,0.194225706155511,0.169386854299023,0.808001116129591,0.160449369260321,0,0,0
944,0.306230610850166,0,0.091986828909965,0,0,0,0.12613334162313,0,0
945,0,0.0668256775412769,0,0,0,0,0.313386241712104,0,0
946,0.173141068789342,0.17415485863133,0,0.0748538174280259,0,0,0.0505234441893071,0,0
947,0,0.0768697775766727,0,0,0,0,0,0,0
948,0,0,0,0,0,0,0,0,0
949,0.0654581951250255,0.2052319108068,0.0859105155695349,0,0.20008085707779,0.0800041248077339,0.2380651273789,0,0
950,0,0.158041425987285,0,0,0,0,0.0467384246988011,0,0.0834066972563528
951,0,0,0.221074409117381,0,0,0,0.286457924775242,0,0
952,0,0,0,0,0,0,0.12613334162313,0,0
953,0,0.092941823095816,0.169054423879029,0,0,0,0.481394462088294,0,0.190468651439922
954,0.306230610850166,0,0.0882428602006428,0,0,0,0.0614982419600968,0.0959744339398566,0.077096945357799
955,0,0,0,0,0,0,0.0700569070027101,0,0
956,0,0.17415485863133,0.086819019530921,0,0,0,0.0614982419600968,0,0
957,0,0,0,0,0,0,0,0,0
958,0,0.0790207129936426,0.124677084883303,0,0,0,0.128210271358723,0,0
959,0,0,0,0,0,0,0,0,0
960,0.133089542060824,0,0,0.0748538174280259,0,0,0,0,0
961,0.0654581951250255,0.136162037409343,0.0831439083094941,0.169386854299023,0.20008085707779,0,0.16800822037619,0,0
962,0,0.069686452026464,0,0,0,0,0.0467384246988011,0,0
963,0,0,0,0.074402265360772,0,0,0.109111648714601,0.0928778526760581,0
964,0.479371679639507,0.0961592883302414,0,0.0471602666362823,0.167114752609755,0.087294941913335,0.0614982419600968,0.0959744339398566,0.077096945357799
965,0,0.159767500637093,0,0,0.0840771618618819,0,0.243329334709394,0,0
966,0,0,0,0,0,0,0.17873371554803,0,0
967,0,0,0,0,0,0,0,0,0
968,0.106812093019243,0.139109498997757,0,0.26995744350233,0,0,0.0614982419600968,0.0977233045833625,0
969,0.0654581951250255,0.272324074818686,0,0.144875986383644,0,0,0.109111648714601,0,0
970,0.125103200650658,0,0.086819019530921,0.0471602666362823,0,0,0.289077034942974,0,0
971,0,0,0,0,0,0,0,0,0.118054657952713
972,0,0,0,0,0,0,0,0,0
973,0,0,0,0,0,0,0,0,0.0981272516653813
974,0,0,0.091986828909965,0,0.0882500998920993,0.087294941913335,0.366365299131257,0,0
975,0.0654581951250255,0.0668256775412769,0,0.074402265360772,0.0702694234016726,0.0874875252030655,0,0,0
976,0.511868455478485,0.0961592883302414,0.086819019530921,0.148509671794764,0.227472695048538,0,0.0614982419600968,0,0
977,0,0,0,0,0,0,0,0,0
978,0.106812093019243,0.17415485863133,0.124677084883303,0.134978721751165,0,0,0.158760110848205,0,0
979,0,0,0,0.0838529446181537,0.20008085707779,0.0800041248077339,0.286457924775242,0,0
980,0.0997229321130929,0.218130211991399,0,0.220922489845129,0.0672419207135739,0,0,0,0
981,0,0,0.108315190585976,0,0,0,0,0,0
982,0.231915293669901,0.139109498997757,0,0.0471602666362823,0,0,0.147785313077415,0,0
983,0,0.22883737403455,0.247259030595037,0.209019826718018,0.10288661730391,0,0.0753211143332035,0,0.0981272516653813
984,0,0,0,0,0.10070744140181,0,0,0,0
985,0.0579616400248937,0.159767500637093,0.0782046067160076,0,0,0,0.347176776093501,0.0938552338788815,0.0923413997745403
986,0.173141068789342,0.270314146961571,0.211496104414224,0.0748538174280259,0.10070744140181,0.156749116780645,0.108236666658898,0.107208803894633,0.248713412026664
