"ID","Gene","Variation","text_len","word_n","sentence_n"
1,"CHEK2","H371Y",33405,5197,269
2,"AXIN2","Truncating Mutations",66401,10675,420
3,"WNT4","E216G",58545,8919,389
4,"SUCLA2","G118R",42025,6444,223
5,"BRAF","T599insTT",22501,3514,117
6,"CHEK2","E239K",22529,3515,127
7,"CHST3","T141M",67039,10235,401
8,"RNF6","G244D",10587,1773,111
9,"SPAST","C448Y",21556,3447,160
10,"AKT1","R328A",26715,4249,257
11,"SCN4A","V445M",48225,7311,396
12,"KIT","S709F",28652,4570,201
13,"BRCA2","V211I",93724,14974,595
14,"ALK","F1174C",76245,11672,504
15,"ERBB2","G746S",77967,11775,396
16,"TP53","Y234S",107005,16158,558
17,"RAB27A","A87P",64337,9843,384
18,"EGFR","P546S",26822,4252,189
19,"ERBB2","G279E",54874,8520,441
20,"CSF1R","Y969H",55897,8667,306
21,"PTPN11","N308D",86952,13487,667
22,"SLC7A9","V170M",62031,9449,353
23,"ADAMTS13","A250V",44774,6772,328
24,"AKT2","BCAM-AKT2 Fusion",23923,3824,206
25,"DYNC2H1","Q1537R",59637,9244,308
26,"MET","V1220I",35951,5719,245
27,"TRPM1","L99P",47888,7950,362
28,"SCN9A","N641Y",43853,6830,355
29,"TGFBR2","E526Q",61844,9772,403
30,"CYP7B1","F216S",26871,4188,170
31,"SYT6","A406T",17577,2652,134
32,"BCS1L","S277N",42239,6661,232
33,"EGFR","I941R",30046,4462,183
34,"SCN9A","P149Q",73684,11359,560
35,"SCN9A","I1461T",35791,5588,283
36,"SCO1","P174L",61844,9299,286
37,"TP53","T329I",27920,4308,180
38,"CSF1R","Y969F",120084,18056,774
39,"GJB3","E183K",65942,10391,487
40,"PIK3CB","Amplification",147264,23278,954
41,"ROS1","TPM3-ROS1 Fusion",16322,2660,99
42,"TSHR","P162A",32017,4967,215
43,"SMAD4","G386C",29959,4597,168
44,"PTPRD","G446E",75589,11551,558
45,"DICER1","D1709N",54894,8497,286
46,"SLC17A5","P334R",35937,5618,196
47,"ERBB2","V762M",119689,18707,801
48,"GJB3","C86S",69281,11386,556
49,"ATM","V2424G",74366,12316,476
50,"MET","M1268T",67660,10214,368
51,"RPS26","D33N",58583,9241,324
52,"BRCA2","L2647P",35324,5527,243
53,"RPS26","M1L",88206,13941,521
54,"KRAS","Q61K",136031,20851,810
55,"TSHR","R109Q",42754,6768,269
56,"SLC25A15","R275Q",45239,7271,316
57,"PTEN","G44D",42790,6702,285
58,"STK11","G163C",18748,2883,121
59,"ABCC6","R1138Q",69545,11240,303
60,"BRCA2","R2108H",50071,8228,224
61,"WISP3","S334P",78618,12186,473
62,"KIT","V530I",25161,3927,146
63,"PHOX2B","R100L",54208,8446,325
64,"TSC2","R505Q",34410,5435,323
65,"BRCA2","C3198R",50071,8228,224
66,"TSHR","C390W",61656,9222,420
67,"PTPN11","A72D",97205,15470,620
68,"RHOA","Y34F",86030,13459,597
69,"B4GALT7","R270C",64783,10263,359
70,"ALOX12B","H578Q",79490,12460,425
71,"LRP4","D449N",48260,7646,400
72,"ERCC2","D609G",38732,5762,289
73,"PIK3CA","E545D",69460,10535,334
74,"EGFR","P772_V774dup",205346,31883,1357
75,"NUP93","Y629C",29917,4472,211
76,"LRP4","D529N",47988,7847,318
77,"INPP4B","Deletion",209610,31535,1181
78,"SMAD4","D355E",146848,24025,924
79,"BRCA1","K1110del",42863,6719,262
80,"GNE","R266W",66914,10555,494
81,"SPAST","S44L",53286,8114,338
82,"PMS2","P470S",46876,6786,237
83,"GNE","V572L",42731,6654,296
84,"NOTCH1","I1718T",171894,26435,1165
85,"RBBP8","K337E",66791,10207,402
86,"KISS1R","L148S",63100,10085,360
87,"DCC","P1375H",1260,210,11
88,"RAD50","Truncating Mutations",121124,19113,785
89,"ERBB2","L755_T759del",108304,17099,806
90,"CILP","I395T",39985,6162,243
91,"KCNQ4","W276S",38322,6152,257
92,"BRCA1","D1851E",35405,5432,227
93,"DYNC2H1","M1991L",48053,7491,273
94,"SLC19A2","P51L",62424,9798,431
95,"CTNNB1","G34A",61625,9675,484
96,"LRP6","R611C",18099,2709,118
97,"SLC7A9","G259R",38160,5854,223
98,"TSHR","M453T",59181,9477,365
99,"PDGFRA","D568N",27154,4132,212
100,"SLC17A5","H183R",28185,4327,157
101,"ABCC6","R1114P",46237,7179,272
102,"CTNNB1","D32Y",59625,9568,399
103,"TP53","R273S",119868,19287,708
104,"ACVR1","R258M",29959,4597,168
105,"SLC25A15","G27R",50330,7943,346
106,"PIK3CA","G1049S",59619,9052,260
107,"SLC25A15","L71Q",41875,6779,324
108,"LRP5","R752G",36956,5771,208
109,"TNFRSF11A","G53R",42150,6702,318
110,"PIK3R2","A36E",39040,6080,293
111,"ABCC6","R1459C",74109,11720,467
112,"KRAS","Q25H",1690,275,13
113,"ASS1","R108L",36832,5850,295
114,"PRDM1","Truncating Mutations",177605,28253,1062
115,"EGFR","L747_S752del",140317,22189,901
116,"TSHR","P639S",56377,8782,328
117,"TSHR","F631L",29688,4445,193
118,"PTPRT","Truncating Mutations",54593,8318,422
119,"RAB27A","A152P",45956,7297,286
120,"PRKRA","P222L",62804,9751,354
121,"CDK12","Amplification",113432,17854,752
122,"BRAF","V600_K601delinsE",37725,5747,239
123,"MTOR","D2512H",28724,4491,130
124,"OTOF","P1825A",58449,9584,401
125,"BBS5","T183A",72478,11433,493
126,"CRB1","V162M",43543,6725,301
127,"SPEN","Truncating Mutations",55841,8787,361
128,"ABCC6","R1138W",73151,11797,449
129,"IDH2","R140W",136896,21010,743
130,"IKBKAP","R696P",53406,8358,380
131,"EGFR","D761N",43694,6724,360
132,"SMAD4","G386S",29959,4597,168
133,"SCN9A","L858H",52979,8211,386
134,"CREBBP","R1446G",110312,16890,616
135,"NDUFS3","R199W",60825,9471,408
136,"MYOT","S60C",64809,10099,494
137,"NDUFS6","C115Y",41934,6368,244
138,"CSF1R","Y571D",27165,4191,156
139,"PTEN","K128R",42790,6702,285
140,"SCN9A","V1299F",50851,7858,362
141,"ALK","I1171S",44853,6878,264
142,"DNAI1","G515S",75252,11819,481
143,"GNE","G607E",37029,5732,253
144,"STK11","R86G",18748,2883,121
145,"PLA2G6","A80T",97162,15073,501
146,"KIT","N822K",230422,35746,1369
147,"SPOP","F125V",154679,24366,1091
148,"SCN4A","V1293I",62916,9580,378
149,"EDAR","R375H",63628,10046,444
150,"SEPT9","R88W",66016,10291,427
151,"WNT4","A114V",53980,8090,282
152,"BRCA1","S988A",42863,6719,262
153,"POLH","K589T",26477,4281,124
154,"FANCA","R1055L",34491,5466,203
155,"SLC7A7","G54V",51665,8030,295
156,"AKT2","S302G",44729,6732,192
157,"OTOF","L1011P",13533,2121,89
158,"SCN4A","I1160V",37078,5895,242
159,"HRAS","A59G",49243,7950,318
160,"SCN9A","I62V",81014,13086,435
161,"MYC","P58L",29959,4597,168
162,"LRP5","A214V",51433,8157,276
163,"SCN4A","R1448C",63411,9770,529
164,"ASXL1","Truncating Mutations",157572,25182,887
165,"TP53","S241A",29959,4597,168
166,"TP63","R352G",90731,14409,600
167,"MAP2K2","Q60P",38248,5784,205
168,"SCN4A","L1433R",45352,6987,374
169,"SMARCA4","Deletion",137879,21683,865
170,"SCO2","E140K",70252,11246,499
171,"WISP3","C145Y",47501,7216,329
172,"EPAS1","G537W",63089,9968,424
173,"CDH1","Truncating Mutations",45197,6874,269
174,"MLH1","K618A",113461,17264,671
175,"BRAF","V600delinsYM",16289,2439,127
176,"FGFR3","N540K",36713,5661,183
177,"NDUFS3","T145I",36770,5924,265
178,"SMAD4","D493H",60625,9520,429
179,"EGFR","E746_S752delinsV",152957,24530,1001
180,"TP63","C561G",37722,5815,250
181,"FLNB","S235P",77164,12044,447
182,"FLT3","D835V",70425,11194,407
183,"SCN4A","V1589M",27568,4224,139
184,"TP63","L553F",53227,8439,332
185,"SCN4A","M1592V",25561,4158,185
186,"SPOP","E47K",102999,16019,689
187,"ERBB2","D739Y",122637,19045,739
188,"BFSP2","R287W",48013,7433,365
189,"CRB1","I1100R",21006,3173,106
190,"EGFR","K745R",99776,15074,596
191,"MYC","T73A",387575,59824,2310
192,"BCS1L","R45C",30234,4715,207
193,"MDM4","G57A",65134,10500,506
194,"MSH6","S144I",31857,5070,246
195,"MAP2K1","F53V",60833,9312,398
196,"PTEN","G36R",42790,6702,285
197,"RB1","R621C",21490,3303,127
198,"TP53","S121Y",29925,4669,205
199,"SLC33A1","S113R",46067,7428,324
200,"SLC22A5","P478L",81501,12608,491
201,"SF3B2","E700G",29959,4597,168
202,"TET2","Y1902A",46289,7488,353
203,"SLC27A4","R583H",58226,9071,472
204,"ADAMTS13","P475S",37666,5849,210
205,"BRCA1","K1487R",33485,5222,249
206,"RGS9","W299R",14641,2452,126
207,"EPHA2","G391R",109359,16504,642
208,"ERBB2","S280F",54640,8269,360
209,"PNPO","null262Q",43012,6497,213
210,"EDAR","C87R",60871,9725,429
211,"FGFR4","Y367C",28892,4403,173
212,"POLE","P286S",29692,4798,236
213,"AP3B1","L580R",46837,7291,329
214,"BCS1L","R184C",50846,7909,288
215,"EGFR","V769_D770insASV",182848,28040,1220
216,"ERBB2","T216S",74917,11383,480
217,"KIT","V559_G565del",28652,4570,201
218,"CLDN16","M71R",86201,13904,551
219,"MYOT","S55F",78441,12623,549
220,"TSHR","F525L",35758,5762,252
221,"OTOF","I515T",45617,7231,382
222,"BMPR1B","R486Q",61716,9669,369
223,"PTEN","R335L",42790,6702,285
224,"XPO1","E571V",29959,4597,168
225,"BCS1L","R155P",54595,8730,310
226,"RAD54L","P63H",59154,9411,341
227,"SCN4A","S804F",60977,10154,362
228,"MAP2K1","F53I",60833,9312,398
229,"TP53","R282P",29959,4597,168
230,"SLC22A5","W351R",78465,12381,493
231,"CRB1","G1103R",33506,5362,220
232,"TMPRSS2","TMPRSS2-ERG Fusion",82145,12647,526
233,"SLC7A9","G105R",70115,11033,503
234,"LRP4","D137N",39482,6172,203
235,"BRCA2","D191G",39131,6396,235
236,"PIM1","P81S",38454,6236,212
237,"SMAD3","Truncating Mutations",40945,6825,379
238,"ADGRG1","R565W",79428,12976,582
239,"PDGFRB","L658P",54091,8505,322
240,"VHL","N150K",44062,7035,254
241,"KIT","V559I",26600,4186,140
242,"PTCH2","R719Q",84104,13422,616
243,"BCL10","R58G",42519,6758,251
244,"ADAMTS13","R398H",44718,6876,193
245,"EGFR","E746_T751delinsL",90253,14072,569
246,"CLDN16","L151F",55791,8798,326
247,"CDK4","R24S",79471,12568,502
248,"ASXL2","Deletion",10241,1617,46
249,"FGFR2","Amplification",85905,12859,497
250,"AGXT","I244T",34424,5318,227
251,"CTNNB1","S37P",69460,10535,334
252,"TSHR","L629F",55174,8676,393
253,"TP63","N6H",47956,7452,355
254,"SCN9A","Q10R",83167,13139,615
255,"TP53","R249T",145472,23400,736
256,"MLH1","N551T",78357,11995,432
257,"TSHR","C41S",36058,5726,201
258,"CSF1R","L301S",55897,8667,306
259,"BCL2L11","Single Nucleotide Polymorphism",23710,3903,154
260,"TP63","C345R",51419,8005,357
261,"DPM1","R92G",62002,9680,466
262,"TP63","D351G",87097,13811,661
263,"ADAMTS13","Q448E",30548,4685,190
264,"BRCA1","Q1409L",17186,2675,97
265,"BRCA1","V1696L",58321,8959,412
266,"NRAS","G12R",90102,13897,496
267,"TSHR","D619G",38486,6067,246
268,"CDKN2A","G35V",85025,12999,659
269,"SPAST","S362C",63372,10050,364
270,"ASS1","R86C",51002,8350,387
271,"JAK2","G417P",52493,7807,307
272,"TP63","R318H",42150,6675,251
273,"BCS1L","P99L",84618,13412,519
274,"RAD54B","N593S",60462,9510,301
275,"CYP7B1","R486C",64592,10101,446
276,"ASS1","G362V",34887,5276,204
277,"PTEN","T319A",53368,8805,358
278,"TP53","V173G",122206,19331,614
279,"ADGRG1","R38W",73862,11593,427
280,"ABCC6","R1339C",41243,6363,275
281,"PIK3CA","T1025A",27021,3986,159
282,"GJB3","R42P",31399,5004,181
283,"PTEN","H93Y",69596,10926,465
284,"IKBKAP","P914L",48488,7306,264
285,"EPHB2","G787R",20001,3014,121
286,"FBXW7","Truncating Mutations",100193,16049,669
287,"AGXT","G156R",70836,11117,434
288,"KCNJ13","R162W",85050,13528,511
289,"KRAS","G13S",76157,11966,482
290,"BBS5","G72S",59229,9540,371
291,"RET","G885R",22201,3519,201
292,"STK11","D176N",60970,9829,445
293,"EDAR","V370A",63351,9965,381
294,"DNM1L","A395D",73692,11757,459
295,"YAP1","YAP1-TFE3 Fusion",24714,3774,170
296,"FLT3","D600_L601insDFREYEYD",97463,15644,623
297,"KNSTRN","P28S",10472,1555,75
298,"GNAQ","R183Q",21107,3403,137
299,"KERA","N247S",33532,5094,175
300,"EGFR","S492G",12866,2003,80
301,"TSC1","Deletion",138447,21357,775
302,"SLC27A4","S247P",85893,13487,589
303,"LRP5","R570W",79516,12391,520
304,"GRM6","I405T",75598,12322,457
305,"CDKN2A","A68T",40775,6208,370
306,"RAB27A","W73G",39640,5814,218
307,"SPOP","K134N",104541,16252,785
308,"FGFR2","D530N",55327,8695,398
309,"OTOF","R1939Q",44643,6925,294
310,"LITAF","L122V",19104,2996,97
311,"TP53","C242Y",51008,7769,248
312,"PTEN","G129D",42790,6702,285
313,"SLC7A9","A182T",45249,7055,305
314,"LRP5","V667M",42827,6971,353
315,"BRCA2","I1929V",50071,8228,224
316,"MOCS2","E168K",65625,10026,444
317,"SMAD4","R515A",48853,7628,359
318,"CYP7B1","S363F",83419,12949,478
319,"RUNX1","R174Q",118770,18838,694
320,"KISS1R","null399R",45610,7232,235
321,"TNFRSF11A","A244S",42863,6724,246
322,"SLC25A15","M37R",51595,7832,305
323,"CLDN16","L167P",103987,16514,763
324,"SCN4A","R672S",71741,11053,456
325,"BCS1L","S78G",65294,10101,434
326,"CTNNB1","T40A",39501,5938,166
327,"DNMT3A","R882P",118025,18271,669
328,"BRCA2","Truncating Mutations",164908,26350,1116
329,"ACVR1","Q207E",34115,5169,349
330,"TP63","K233E",60151,9633,323
331,"SCN4A","G1306A",32756,5361,203
332,"RUNX1","S291fsX300",40128,6529,236
333,"BRCA2","D2723A",35324,5527,243
334,"CYP7B1","R417H",47177,7471,334
335,"CHST3","R222W",43998,6938,324
336,"AGXT","P11L",70221,10859,472
337,"MPDU1","L119P",42475,6746,271
338,"ARID1A","Deletion",78335,11682,478
339,"SLC22A5","G15W",40701,6247,243
340,"CDK4","R24L",119769,18603,707
341,"RAD54B","D418Y",109617,17255,627
342,"GNE","M202V",25200,4013,203
343,"ABL1","E355G",26914,4274,109
344,"ATP2C1","C490F",20581,3165,142
345,"PHOX2B","G197D",46926,7341,315
346,"BRD4","Fusions",89413,14213,592
347,"BRCA1","A1752G",1128,165,7
348,"FGFR2","N549H",57943,8972,375
349,"BCS1L","V353M",97795,15290,801
350,"MCC","A888V",23248,3883,195
351,"SLC22A5","Y211C",67572,10458,402
352,"SCN4A","R669H",37968,5840,199
353,"IGF1R","G119T",22867,3545,167
354,"TSHR","S281I",76839,12213,537
355,"CHEK2","A17S",28313,4544,233
356,"DYNC2H1","G2461V",65786,10223,387
357,"JAK2","L551P",52493,7807,307
358,"PPP2R1A","R183W",78762,12734,531
359,"JAK1","G871E",47642,7484,285
360,"SCO2","C133Y",92524,14758,615
361,"KRAS","G13D",121043,19026,727
362,"EPAS1","M535V",69436,10917,503
363,"GLE1","V617M",53871,8666,344
364,"U2AF1","Q157R",78575,12271,505
365,"CTNNB1","D32V",83454,12709,424
366,"ZFPM2","E30G",100553,16124,667
367,"RAF1","S257L",117784,19506,873
368,"BRCA1","M1775R",486731,76511,3382
369,"PTPN11","R498W",38031,5693,147
370,"FLNB","G1691S",54499,8494,423
371,"ROS1","YWHAE-ROS1 Fusion",15134,2329,106
372,"SMAD2","Truncating Mutations",139864,22370,946
373,"PTPRT","S492F",25463,3960,224
374,"EIF2B5","R113H",61193,9516,282
375,"FLNB","E227K",44635,7141,337
376,"BRCA1","L1564P",28205,4292,190
377,"SLC25A15","T272I",28109,4303,190
378,"PPP2R1A","S256Y",99197,15937,645
379,"GNE","M743T",56853,8983,449
380,"BCS1L","T50A",67863,10335,423
381,"KCNQ4","G296S",51564,7846,298
382,"GNE","A662V",74866,11821,450
383,"MTOR","E2288K",49158,7653,332
384,"MYOT","S39F",76532,12268,490
385,"BRCA1","L1664P",86526,13251,602
386,"PIK3CA","E545V",62786,9803,448
387,"ASS1","W179R",62990,9768,441
388,"SLC25A13","R588Q",48183,7538,291
389,"SPAST","R562G",18417,2787,104
390,"B2M","M1I",34971,5995,231
391,"B4GALT7","A186D",52041,7940,256
392,"PDGFRB","RABEP1-PDGFRB Fusion",36674,5715,205
393,"PIK3CA","E453K",96133,15023,597
394,"EGFR","A289D",61154,9297,337
395,"GJB3","N166S",63592,10258,440
396,"FGFR2","N639K",69460,10535,334
397,"MAP2K1","K57N",82153,12677,580
398,"BRCA2","G1771D",50071,8228,224
399,"ERCC2","R450H",29950,4600,200
400,"TNFRSF11A","C175R",53180,8447,445
401,"FGFR3","G699C",51555,7797,241
402,"CARD11","E93D",50522,8237,311
403,"PTEN","R159S",94479,15402,720
404,"TSC2","Y1571N",34410,5435,323
405,"SIX3","G69D",53819,8393,285
406,"PLA2G6","R632W",46839,7040,282
407,"SCN4A","R675Q",65316,10326,390
408,"CYP7B1","F470I",27429,4278,194
409,"RET","M848T",32811,5428,201
410,"AGXT","S205P",65671,10379,455
411,"AGXT","R233H",56180,8932,341
412,"EGFR","C797Y",23305,3589,158
413,"TSC1","F216A",29767,4624,225
414,"FGFR2","H213Y",55327,8695,398
415,"KIT","P551_M552del",26255,4145,161
416,"BRCA1","R1443G",71068,11011,452
417,"SLC7A7","L334R",63629,10344,528
418,"CRLF1","W76G",71502,11549,396
419,"GJB3","L34P",7480,1175,60
420,"BRCA1","G57R",43021,6679,263
421,"PLA2G6","R741Q",55834,8942,340
422,"ERBB2","L755M",29959,4597,168
423,"MCC","R696Q",23248,3883,195
424,"GNE","V696M",43233,6999,315
425,"BMPR1B","I200K",51319,7973,375
426,"ASS1","S18L",5345,827,30
427,"PNPO","R229W",55788,8762,459
428,"BRCA1","F1734L",23761,3657,192
429,"PTEN","D301N",20641,3368,173
430,"PIK3R1","R503W",78692,12115,592
431,"EPHA5","G583E",16720,2560,116
432,"PIK3CA","N345K",99159,16047,791
433,"KRAS","A146P",107557,17270,591
434,"CRB1","C1181R",63653,9895,469
435,"BRAF","G596D",105499,16338,713
436,"SLC22A5","R169Q",47217,7118,293
437,"CHST3","L259P",49865,7966,378
438,"GATA3","Deletion",142074,22951,844
439,"AGXT","G41R",71485,10891,506
440,"TSHR","C600R",48309,7504,314
441,"EIF2B5","W628R",55590,8815,289
442,"GNE","R266Q",70312,10939,395
443,"EGFR","E749Q",23599,3636,138
444,"GLE1","R569H",61312,9669,389
445,"BRCA1","T231M",42863,6719,262
446,"SPAST","D470V",56751,9241,355
447,"STK11","Q123R",18748,2883,121
448,"CDKN2A","A128D",59671,9290,435
449,"WNT4","L12P",56513,8726,252
450,"ERF","Truncating Mutations",191847,30213,1290
451,"ADAMTS13","C1213Y",51262,7645,303
452,"LITAF","W116G",43837,6703,344
453,"SCN9A","T1464I",43157,7023,259
454,"NRAS","G13R",114022,17894,655
455,"APC","Truncating Mutations",88199,13936,657
456,"CDKN2A","R87W",75828,11889,518
457,"SCO2","R171W",84263,12970,544
458,"CLDN16","F232C",43980,6754,254
459,"EGFR","E734K",64845,9921,299
460,"SOX9","Deletion",76678,12575,543
461,"EP300","Truncating Mutations",65837,10402,441
462,"KRAS","G10dup",21737,3538,169
463,"ERBB2","N827S",38466,5837,230
464,"PIK3CA","Q546L",67947,10587,465
465,"CRNKL1","S116F",29959,4597,168
466,"SLC4A4","R342S",17757,2860,109
467,"AR","N235K",58540,9410,395
468,"LRP5","E1367K",55000,8528,337
469,"CTNNB1","T41I",43953,6771,258
470,"AKAP9","S1570L",41087,6521,264
471,"TP53","R148I",75836,11910,507
472,"EGFR","A289V",116190,17881,754
473,"PIK3CA","G106R",33583,5376,205
474,"BRIP1","R798*",45207,7195,304
475,"RAB27A","L130P",54090,8678,325
476,"NRAS","G13S",114022,17894,655
477,"RAD50","null1313Y",93889,15259,649
478,"BRCA1","I124V",30021,4846,200
479,"MAP2K4","A279T",91932,14524,622
480,"NOTCH1","D1642H",21331,3445,218
481,"TNFRSF11A","R129C",76681,11966,528
482,"PDGFRA","Fusions",40806,6302,343
483,"ADAMTS13","R692C",51908,8041,280
484,"BRCA2","N2048I",50071,8228,224
485,"FGFR3","E322K",12074,1858,104
486,"CLDN16","G198D",64366,10672,365
487,"BRAF","V600L",114260,18291,786
488,"KRIT1","D137G",39656,6341,247
489,"BRCA1","T826K",71562,11205,501
490,"BRCA1","M1628T",96937,15117,573
491,"CLDN16","G233D",72533,11774,395
492,"CLDN16","T303R",40993,6308,192
493,"KCNQ4","L281S",64287,10199,394
494,"LITAF","G112S",70553,11285,414
495,"TRPC6","S270T",79968,12847,591
496,"GNE","R263L",79438,12543,481
497,"GRM6","E781K",57421,8943,313
498,"CLDN16","G239R",40197,6186,227
499,"LARGE1","W495R",34405,5522,190
500,"MET","X1006_splice",101051,15889,729
501,"FLT3","K868N",30989,4660,191
502,"NOTCH1","Deletion",84304,13368,400
503,"SMO","C469Y",91617,14190,593
504,"GNE","D256N",61461,9426,411
505,"ADAMTS13","R102C",47612,7515,346
506,"MLH1","R226*",75100,11103,434
507,"MAP2K1","L115P",24487,3684,215
508,"STK11","D194E",9121,1447,52
509,"SLC17A5","R39C",52260,8392,293
510,"IDH2","R120M",155565,23919,891
511,"ASS1","G14S",74438,11475,531
512,"SCN4A","R672H",29734,4609,181
513,"BRCA2","N2829R",42258,6969,198
514,"TSC2","A328P",34410,5435,323
515,"NOTCH1","R2327W",21331,3445,218
516,"LRP5","A214T",53199,8514,340
517,"ABCC6","R1268Q",46137,7265,248
518,"TP53","S83I",29959,4597,168
519,"CDKN2A","A97V",69460,10535,334
520,"EIF2B5","R315H",45637,7221,323
521,"SCN4A","G1306E",43927,6765,290
522,"CTNNB1","D32H",132933,20498,729
523,"EGFR","S720P",44644,6965,306
524,"WISP3","C78R",69595,10531,331
525,"DYNC2H1","T1987A",66372,10492,436
526,"SF3B1","H662D",36880,5683,168
527,"LATS1","Deletion",83162,13050,658
528,"ARAF","S214F",58624,9534,398
529,"CHST3","L161F",23683,3640,131
530,"GALK1","P28T",95524,14927,511
531,"TP53","Deletion",155287,24257,877
532,"MPDU1","G73E",52623,8208,307
533,"TSHR","C672Y",58524,9562,327
534,"KCNE2","F60L",50076,7821,355
535,"NTRK2","R734C",18409,2880,157
536,"TP53","Y234N",29959,4597,168
537,"IDH1","R132L",93689,14634,557
538,"NEK8","A197P",13411,2102,62
539,"PIK3CA","P447_L455del",22123,3624,144
540,"SPAST","I406V",47568,7685,307
541,"NFE2L2","D77H",91247,14492,527
542,"LRP5","L145F",62936,9680,483
543,"TRPC6","E897K",67535,10609,381
544,"ERBB2","A775_G776insYVMA",15121,2458,79
545,"BRAF","L505H",72715,11074,448
546,"CSF1R","Y969C",120084,18056,774
547,"DDR2","S768R",60600,9819,389
548,"GNE","A491V",85944,13144,435
549,"TP53","I254T",24660,3759,142
550,"VHL","L89H",71611,11328,340
551,"IDH2","R140L",95556,15221,635
552,"ZFPM2","T843A",49496,7799,321
553,"BRAF","S467A",42932,6631,310
554,"ITM2B","null267R",84480,13437,608
555,"AKT1","R200A",26715,4249,257
556,"BRAF","G469L",36583,5725,297
557,"FLT3","V592G",49609,7527,275
558,"KLF11","T220M",55133,8449,369
559,"PDGFRB","P660T",13990,2124,84
560,"BRCA1","D695N",42863,6719,262
561,"BRCA2","L2653P",85395,13755,467
562,"PTEN","L42R",26806,4224,180
563,"EIF2B5","V309L",57746,8914,357
564,"GCM2","G63S",44769,7212,292
565,"ESR1","D538G",207060,32953,1375
566,"FLNB","G1586R",60852,9505,430
567,"CSF1R","L301F",16396,2729,140
568,"SLC6A5","T425M",41461,6523,269
569,"EIF2B5","T91A",39018,5977,282
570,"SIX3","L226V",76152,12333,475
571,"MED12","G44D",18792,2952,121
572,"HABP2","G534E",30746,4806,190
573,"PDGFRA","CDK5RAP2-PDGFRA Fusion",17936,2786,116
574,"EIF2B5","F56V",54303,8680,327
575,"BRCA1","Y856H",42863,6719,262
576,"GJB3","A194T",34423,5281,250
577,"FGFR3","P572A",36713,5661,183
578,"CRB1","M1041T",55983,8958,402
579,"ABL1","D276G",14568,2360,96
580,"TP53","E180K",80948,12938,470
581,"ADAMTS13","C1024G",25825,4075,168
582,"PDGFRA","W559_R560del",11654,1856,87
583,"CTCF","H284Y",96387,14886,547
584,"GNE","R277Q",78388,12435,544
585,"IDH1","G97D",21783,3449,113
586,"BRCA1","P1812A",23956,3697,193
587,"ADAMTS13","T196I",70758,11225,557
588,"SLC6A5","L306V",37898,6000,239
589,"YARS","E196K",25062,3958,175
590,"ALK","T1151R",41261,6442,217
591,"TP53","V173A",122206,19331,614
592,"MOCS2","V7F",61154,9881,319
593,"SMAD4","R361P",114446,18783,771
594,"RET","M918T",115984,17771,725
595,"HRAS","G12D",98382,15168,608
596,"ADAMTS13","R528G",45744,7347,357
597,"TP53","V218dup",32318,5088,246
598,"SCN4A","P1158S",122210,19657,698
599,"SHOC2","M173I",18725,2968,164
600,"ERBB2","G292R",26695,4167,217
601,"CDKN2A","A97G",69460,10535,334
602,"EGFR","A289T",29959,4597,168
603,"TRPM1","P611H",72801,11412,502
604,"FLNB","A173V",59455,9229,388
605,"NTRK1","S677N",33773,5179,186
606,"KISS1R","R386P",41756,6366,308
607,"APOL1","S358G",53821,8473,346
608,"TSHR","G431S",49416,7972,397
609,"AGXT","F152I",89994,14131,641
610,"DYNC2H1","M3762V",40666,6161,268
611,"KRAS","E62K",49550,7612,415
612,"EGFR","G598V",116190,17881,754
613,"JAK2","V617F",139303,21974,896
614,"RPS19","V15F",59736,9168,362
615,"ASS1","R363W",47815,7331,254
616,"MTOR","R2152C",28724,4491,130
617,"ERBB4","D931Y",35920,5555,172
618,"ADAMTS13","H96D",43792,7032,275
619,"DYNC2H1","I1240T",65213,10563,410
620,"GLI1","Amplification",18786,3089,133
621,"SCN9A","I848T",42053,6677,243
622,"ALK","M1166R",86427,13156,540
623,"KIT","Y568_L576delinsVN",26255,4145,161
624,"SLC19A2","G172D",56809,8944,375
625,"BCOR","Truncating Mutations",145919,22595,790
626,"SMAD4","G386V",64996,9806,402
627,"PHOX2B","R141G",107694,16763,646
628,"TP53","T125P",29959,4597,168
629,"CBL","S80N",78002,12503,509
630,"KIT","V560del",111239,17732,682
631,"KEAP1","C23Y",19255,2994,176
632,"CTNNB1","T41N",43953,6771,258
633,"TRPC6","R895C",35831,5728,246
634,"MSH2","G322D",40091,5721,191
635,"EGFR","D770_N771insSVD",182848,28040,1220
636,"BRCA1","T1773S",58321,8959,412
637,"TP53","S121F",29925,4669,205
638,"GYG1","T83M",26939,4216,176
639,"ADAMTS13","R268P",33786,5295,206
640,"CRB1","R764C",43200,6783,239
641,"KERA","T215K",23995,3846,129
642,"SMAD4","P102L",29600,4758,196
643,"FGFR2","C383Y",29959,4597,168
644,"BRAF","G469R",172785,27305,1130
645,"BRCA1","S1448G",42863,6719,262
646,"TP63","R319C",35007,5500,218
647,"KCNE2","I57T",43739,6850,385
648,"TP53","K120A",80861,13024,517
649,"TP53","H193R",49509,7492,225
650,"ASS1","R157H",50677,7973,330
651,"FGFR3","I538F",36713,5661,183
652,"KCNQ4","G285C",50223,7927,327
653,"TP63","R97C",61682,10079,485
654,"NF2","Deletion",161746,25118,989
655,"TP53","C176R",21513,3329,147
656,"SLC7A9","G195R",36801,5959,233
657,"MAP2K1","S218D",54265,8877,468
658,"VHL","N90I",48258,7669,325
659,"DIS3","R780K",124510,19109,767
660,"MYC","T73P",29959,4597,168
661,"KCNQ4","G285S",58520,9114,415
662,"CST3","L94Q",38609,5828,264
663,"TP53","F338I",60470,9597,481
664,"BAG3","P209L",53371,8602,319
665,"LARGE1","E509K",35236,5502,124
666,"CLDN16","G191R",72004,11634,553
667,"EGFR","Y727H",23766,3744,121
668,"XPO1","E571A",29959,4597,168
669,"ERBB3","V104L",44492,7111,256
670,"PER2","S662G",38585,6188,245
671,"CHST3","L286P",46546,7338,272
672,"FAT1","T4511I",52642,7998,344
673,"ABCC6","R1314W",44258,7131,313
674,"NOTCH1","L2429V",116923,18242,706
675,"TP63","R337Q",37438,5944,293
676,"TTK","D697Y",13411,2102,62
677,"MOCS2","null189Y",32351,4904,166
678,"CLDN16","S235F",68971,11363,378
679,"EGFR","G465R",39482,6016,225
680,"TP53","R273K",30883,5270,240
681,"SCN4A","I141V",67076,10287,451
682,"LRP5","G171V",70607,10934,433
683,"XRCC2","R188H",1396,223,7
684,"ALOX12B","L426P",45777,7057,341
685,"CDKN2A","L16P",40775,6208,370
686,"GRM6","G150S",66868,10238,534
687,"SCN4A","G1306V",97363,14992,577
688,"SCN9A","L858F",92469,14750,587
689,"GALK1","V32M",77622,12445,579
690,"SIX3","W113C",92654,14480,685
691,"SLC7A9","T123M",54823,8509,358
692,"XRCC1","R194W",24598,3952,170
693,"FLNB","L171R",39478,6349,238
694,"SLC25A15","T32R",64909,10169,479
695,"TP63","R343Q",43167,6650,305
696,"BCS1L","R183H",34284,5506,222
697,"SLC22A5","R399W",31270,4691,174
698,"KCNE2","Q9E",38247,5979,271
699,"ASS1","K310Q",48810,7639,346
700,"DNAH5","G3519R",42502,6580,253
701,"SCN4A","N1297K",73694,11550,511
702,"NFE2L2","D29N",65973,10261,588
703,"FBXW7","R465C",103736,16566,754
704,"MSH2","R621*",884,137,5
705,"TP53","G245C",27915,4459,209
706,"STK11","I177N",23232,3856,144
707,"RP1","N985Y",86383,13498,598
708,"CST3","A25T",69817,10845,469
709,"PTEN","R130Q",26806,4224,180
710,"CTNNB1","G34R",69460,10535,334
711,"SPAST","S445R",63809,9915,407
712,"IDH1","R132S",185279,28907,1270
713,"BRAF","D594H",121657,19825,641
714,"ERBB2","R896C",44644,7105,393
715,"SPAST","P45Q",63590,9959,416
716,"SPAST","R499C",75511,11587,517
717,"AKT1","Amplification",157886,24873,1306
718,"MTOR","R2505P",78666,12274,439
719,"CTNNB1","D32G",59625,9568,399
720,"DCC","M168T",22977,3800,332
721,"STK11","S216F",18748,2883,121
722,"KEAP1","G333C",24655,3844,112
723,"AKT1","E191A",26715,4249,257
724,"SCN4A","T1313M",46598,7310,259
725,"TRPC6","P112Q",44897,6914,274
726,"DYNC2H1","R2205H",41128,6424,244
727,"CTNNB1","S45C",74528,11927,466
728,"ALK","F1174V",94777,14721,621
729,"VHL","H115Q",68427,10451,428
730,"SMAD4","G386A",64996,9806,402
731,"SLC6A5","N509S",49482,7597,309
732,"SLC22A5","R169W",32392,5164,187
733,"TINF2","K280E",51255,8560,322
734,"PDGFRA","FIP1L1-PDGFRA Fusion",287717,44972,1728
735,"MAP2K1","H119P",24487,3684,215
736,"ERBB2","T862A",21841,3321,143
737,"BRAF","N581T",118560,17983,619
738,"PTPRT","Q479E",25463,3960,224
739,"LRP4","T461P",63508,9830,396
740,"TRPC6","N143S",49218,7636,261
741,"SLC27A4","Q300R",38111,5896,271
742,"EGFR","Fusions",58356,8977,427
743,"NF1","K1423E",201551,32349,1267
744,"NRAS","G12C",90102,13897,496
745,"ASS1","G324S",79246,13487,372
746,"SCN4A","A1156T",46595,7060,283
747,"SMAD4","R361S",120541,19695,794
748,"SLC22A4","L503F",50979,7812,470
749,"KCNMB1","E65K",58847,9565,469
750,"LRP4","C160Y",45825,7392,271
751,"AURKC","C210Y",83516,12659,454
752,"BRCA1","D1692H",35405,5432,227
753,"ASS1","G390R",64999,10282,380
754,"SMAD4","D351N",146848,24025,924
755,"KLF11","A347S",44997,6996,256
756,"TSHR","A553T",54373,8638,398
757,"RAD51C","A126T",111946,18311,639
758,"DYNC2H1","D3015G",42540,6770,269
759,"BRCA2","T2515I",22680,3448,102
760,"KIT","D52N",15648,2622,107
761,"CLDN16","L145P",60494,9495,409
762,"SLC7A9","Y232C",45545,7019,293
763,"TSC2","I427M",34410,5435,323
764,"SCN4A","R675G",76867,11923,483
765,"FGFR3","FGFR3-TACC3 Fusion",50303,7496,364
766,"PIK3CA","E110K",27658,4259,151
767,"KCNQ4","G321S",64857,10006,398
768,"AGO2","A603fs",44669,7264,304
769,"EGFR","E746K",39501,5938,166
770,"SMAD4","R361H",114446,18783,771
771,"HRAS","Q61R",218339,34725,1295
772,"SLC7A9","I44T",49580,7699,349
773,"TP53","Q144P",31413,4809,162
774,"FLNB","F161C",55388,8644,342
775,"BRCA1","M1663L",35405,5432,227
776,"TP53","Y220D",29959,4597,168
777,"HNF1A","Deletion",68422,10863,473
778,"RAC1","P29T",50909,7831,283
779,"LRP5","R444C",54230,8306,416
780,"KRAS","G13A",95081,15097,600
781,"PTPN11","I282V",76674,11875,612
782,"TNFRSF11A","R170G",30034,4605,160
783,"PDE8B","H305P",70851,10761,435
784,"BRCA1","W1718S",58321,8959,412
785,"CDKN2A","A60R",85025,12999,659
786,"MYOT","S95I",64769,10124,409
787,"SLC6A5","Y491C",49136,7758,278
788,"BRAF","Q257R",55868,8574,406
789,"TP53","R213L",159409,24383,932
790,"MYOT","T57I",58126,9367,377
791,"ALG10","V447I",77451,12210,513
792,"ADGRG1","Y88C",45756,7122,378
793,"SCN9A","K655R",42935,6661,303
794,"SPAST","I344K",44227,7127,238
795,"MPDU1","L74S",37489,5894,259
796,"BAP1","G178V",75870,12178,608
797,"STK19","D89N",29959,4597,168
798,"EGFR","R108G",29959,4597,168
799,"TP53","L330H",60470,9597,481
800,"EGFR","S752Y",39501,5938,166
801,"MED12","L1224V",29959,4597,168
802,"SLC4A4","R554H",45158,7313,290
803,"GRM6","C522Y",43008,6858,354
804,"SMAD4","E330A",49332,8037,265
805,"SLC27A4","A92T",75025,11742,490
806,"ABL1","F359V",26914,4274,109
807,"TGM5","G113C",25252,3958,192
808,"TGFBR1","Truncating Mutations",39439,6334,276
809,"ETV1","Amplification",48851,7305,337
810,"SMAD2","S467P",37788,5931,256
811,"ELF3","A312P",69351,11486,544
812,"MET","D1228N",30887,4630,230
813,"SCN4A","V1442E",39603,6244,301
814,"SCN9A","F1449V",62828,9970,379
815,"LITAF","V144M",54086,8606,311
816,"FGFR2","Y382H",116852,17507,562
817,"LRP5","G171R",51517,8127,351
818,"PMS2","Deletion",82129,13555,519
819,"MET","H1112Y",63242,9503,306
820,"TET2","Truncating Mutations",62160,10002,475
821,"ALK","F1174S",47935,7341,345
822,"OTOF","P1220R",60283,9433,400
823,"NOTCH1","G2420C",116923,18242,706
824,"SMAD4","R361G",120541,19695,794
825,"SCN4A","R675W",72521,11396,434
826,"BRAF","F595L",78331,12937,555
827,"PTEN","N94I",42790,6702,285
828,"RET","A919P",44800,7275,278
829,"LRP5","R570Q",54543,8648,361
830,"EIF2B5","R195C",52085,8282,369
831,"SIX3","R257P",36458,6014,251
832,"ERBB2","S280Y",54640,8269,360
833,"TP53","V272M",57098,9193,395
834,"PTEN","R335*",33862,5078,244
835,"SCN9A","R996C",70675,11009,379
836,"ZFPM2","S657G",78232,12193,488
837,"ALK","EML4-ALK Fusion",263202,40937,1987
838,"DNMT3A","R882H",146273,22367,827
839,"MAP2K4","S251N",53191,8557,299
840,"TINF2","R282H",63960,9987,443
841,"RET","E511K",59625,9275,465
842,"TSHR","I167N",85584,13454,689
843,"SCN4A","I693T",58106,9161,364
844,"ROCK1","P1193S",24922,3851,150
845,"EGFR","G598A",61154,9297,337
846,"KRAS","Q61E",136031,20851,810
847,"CCND3","D286_L292trunc",43023,6900,341
848,"SLC25A12","Q590R",59999,9186,374
849,"EGFR","P772_H773insYNP",182848,28040,1220
850,"JAK1","F958C",33181,5153,151
851,"MLH1","D737V",78357,11995,432
852,"STK33","F136L",13411,2102,62
853,"FGFR2","S320C",31167,4925,180
854,"GALK1","A198V",55197,8779,396
855,"EDAR","D110A",58202,9497,281
856,"KCNE2","M54T",71447,11035,425
857,"ADGRG1","C346S",78393,12500,490
858,"CBL","H398Q",41310,6422,266
859,"MTOR","A41S",28724,4491,130
860,"KRAS","Y71H",38204,5965,307
861,"FGFR2","I548L",43904,6703,244
862,"TP53","S109P",29959,4597,168
863,"ABCC6","G1302R",52847,8162,372
864,"ALK","R1275Q",218122,33568,1270
865,"LITAF","T115N",25455,3827,149
866,"DYNC2H1","R587C",53139,8322,347
867,"ERBB3","E928G",44492,7111,256
868,"VHL","S111C",38289,6027,341
869,"KCNQ4","L274H",87398,13405,547
870,"FGFR2","FGFR2-CIT Fusion",38954,5926,261
871,"FLT3","K602_W603insYEYDLK",97463,15644,623
872,"PIK3CA","C420G",113938,16986,697
873,"MOCS1","R319Q",69722,10614,443
874,"SIX3","V250A",71752,11151,422
875,"STAT5B","A630P",83147,12921,529
876,"SUCLA2","R284C",58093,8953,339
877,"TP53","R213G",107874,17480,671
878,"STK11","G196V",39501,5938,166
879,"TSC1","R509Q",25921,4139,210
880,"TP53","L330P",27920,4308,180
881,"BRAF","T599_V600insETT",22125,3432,146
882,"BRAF","G596S",122440,19270,757
883,"TSHR","D410N",47093,7215,340
884,"POLH","K535E",44716,7085,288
885,"ERBB2","L755W",160212,24527,1006
886,"BRCA2","G173C",39131,6396,235
887,"BRCA1","D1692Y",58321,8959,412
888,"ESR1","Y537N",146977,23034,918
889,"TP53","Y104C",29959,4597,168
890,"B4GALT7","L206P",55798,9204,368
891,"RPS19","R62W",49722,7650,306
892,"KIT","Exon 11 deletions",264397,42682,1440
893,"RNF6","A242T",62901,9739,546
894,"ERBB4","H618P",35920,5555,172
895,"PIK3R1","Truncating Mutations",107469,16604,673
896,"ABCB11","E297G",49670,8000,344
897,"LCT","Q268H",59334,9621,346
898,"SMO","W281C",90949,14097,589
899,"LARGE1","S331F",16661,2621,80
900,"CRLF1","R81H",51127,8084,280
901,"CHST3","E372K",57477,9030,377
902,"TP53","T125R",52924,8004,283
903,"BRCA1","T1773I",35405,5432,227
904,"SLC22A5","R399Q",54232,8307,382
905,"TSHR","K183R",62058,9570,465
906,"SF3B1","G742D",81165,12495,389
907,"RNF6","R102K",49395,7645,252
908,"GPHN","N10Y",40285,6213,283
909,"EGFR","P733L",62921,9659,312
910,"RP1","T373I",78868,12021,459
911,"SPAST","D441G",36590,5849,258
912,"BRCA1","E33A",50900,8229,495
913,"CHST3","R304Q",61831,9767,396
914,"CARD11","Amplification",15401,2496,119
915,"CHST3","L307P",41969,6299,307
916,"PLA2G6","V310E",73730,11375,527
917,"SLC7A9","R333W",73922,11389,502
918,"CDKN2A","P73L",1542,233,12
919,"CCND1","Y44D",64165,10100,471
920,"TP53","L35F",21970,3457,143
921,"JAK2","R277K",52493,7807,307
922,"ZFPM2","M703L",53646,8354,354
923,"AR","L57Q",41328,6569,227
924,"AKT2","R371H",50466,7690,250
925,"KCNE2","R27C",86031,13337,589
926,"TSHR","R310C",26852,4345,166
927,"WNT4","R83W",88532,14101,569
928,"ERBB2","V747L",119689,18707,801
929,"TP63","R243Q",72054,11504,517
930,"EGFR","V834L",77049,11566,489
931,"SPAST","N386S",53502,8329,278
932,"RAD54L","V444E",47156,7400,335
933,"TSHR","D36H",67760,10557,547
934,"SMAD3","Y226A",65065,10721,325
935,"TSC2","V241del",34410,5435,323
936,"EWSR1","EWSR1-ERG Fusion",59918,9593,383
937,"COX15","R217W",76799,11959,403
938,"LRP5","R494Q",47120,7658,373
939,"PIK3CA","E453Q",44203,7123,354
940,"EPAS1","G537R",14797,2402,96
941,"CLDN16","L151W",73668,11727,437
942,"ERBB2","L869R",82097,13038,584
943,"BRCA1","M1652I",238284,37596,1768
944,"TP63","R337G",44901,7228,334
945,"TP63","R243W",44682,6904,341
946,"PIK3CA","D549N",75190,11563,510
947,"KIT","D820Y",261196,40642,1713
948,"BRAF","R509H",20501,3180,168
949,"TINF2","R282S",47071,7193,282
950,"TINF2","R282C",53798,8550,320
951,"EIF2B5","F56C",34719,5359,183
952,"PTEN","D24N",30304,4752,188
953,"ERBB2","D769N",122637,19045,739
954,"SCN4A","T704M",51861,8441,317
955,"CDKN1B","G9R",14700,2170,96
956,"PDGFRA","V469A",36901,5679,208
957,"PTEN","V133I",26806,4224,180
958,"ABCC6","T1130M",46848,7596,276
959,"CARM1","S217E",32572,4875,248
960,"EIF2B5","T182M",41048,6361,281
961,"KRIT1","Q201E",33363,5425,281
962,"PDGFRA","D842_I843delinsIM",60770,9531,383
963,"SOX17","Deletion",391874,61440,2921
964,"CHST3","F159I",64497,9895,359
965,"FGFR1","V561M",68950,10584,361
966,"KRAS","G13R",76157,11966,482
967,"TP53","K120R",59755,9892,422
968,"GLE1","I684T",53835,8358,323
969,"ABCC6","D1238H",79986,12519,591
970,"AGXT","G82E",54355,8381,434
971,"TP53","S109Y",83672,13444,502
972,"TP53","R248G",123946,19772,815
973,"TP53","R280G",29959,4597,168
974,"LRP5","T253I",64162,10031,501
975,"SEPT9","S93F",43793,7101,274
976,"SCO2","S225F",68457,10650,459
977,"GNA11","R183C",16247,2610,67
978,"RECQL4","R1021W",57388,9313,348
979,"KRAS","Q61P",136031,20851,810
980,"GNE","A557T",35844,5326,301
981,"ABCC6","G1321S",32315,5092,205
982,"TP63","S580P",58175,9116,323
983,"SCN4A","R672G",57193,8965,396
984,"BRAF","N581H",66682,10428,499
985,"TSHR","S281N",25256,3987,186
986,"ASS1","S180N",56184,8592,297
